PRAGMA defer_foreign_keys=TRUE;
DROP TABLE IF EXISTS d1_migrations;
DROP TABLE IF EXISTS categoriesToPosts;
DROP TABLE IF EXISTS user_keys;
DROP TABLE IF EXISTS user_sessions;
DROP TABLE IF EXISTS categories;
DROP TABLE IF EXISTS comments;
DROP TABLE IF EXISTS posts;
DROP TABLE IF EXISTS users;
CREATE TABLE IF NOT EXISTS d1_migrations(
		id         INTEGER PRIMARY KEY AUTOINCREMENT,
		name       TEXT UNIQUE,
		applied_at TIMESTAMP DEFAULT CURRENT_TIMESTAMP NOT NULL
);
INSERT INTO d1_migrations VALUES(1,'0000_steady_chameleon.sql','2024-05-21 15:29:42');
INSERT INTO d1_migrations VALUES(2,'0001_sudden_newton_destine.sql','2024-05-21 15:29:47');
INSERT INTO d1_migrations VALUES(3,'0002_lovely_gladiator.sql','2024-05-21 15:29:50');
INSERT INTO d1_migrations VALUES(4,'0003_eminent_karma.sql','2024-05-21 15:29:51');
INSERT INTO d1_migrations VALUES(5,'0004_eager_nightshade.sql','2024-05-21 15:29:52');
INSERT INTO d1_migrations VALUES(6,'0005_aspiring_union_jack.sql','2024-06-06 02:58:50');
CREATE TABLE IF NOT EXISTS `categories` (
	`id` text PRIMARY KEY NOT NULL,
	`title` text,
	`body` text,
	`createdOn` integer,
	`updatedOn` integer
);
INSERT INTO categories VALUES('c1a55c6c-a690-4842-9527-7fb2b252433f','BRANDED ENTERTAINMENT','',1716342543866,1716342543866);
INSERT INTO categories VALUES('d8457323-6aa9-4a0c-8df5-e9681160a48f','TELEVISÃO E STREAMING ','',1716342556000,1716342556000);
INSERT INTO categories VALUES('a63ad5b1-2e47-4fd1-a01e-34ffcc912c7c','PODCASTS ','',1716342565459,1716342565459);
INSERT INTO categories VALUES('8936b4a6-cc09-4f17-b0ad-489af05ca22a','PUBLICIDADE','',1716342584976,1716342584976);
INSERT INTO categories VALUES('af07eb79-35f0-4229-8f61-aaaab4a86f9d','CINEMA','',1716342589204,1716342589204);
INSERT INTO categories VALUES('547f3572-9ff3-40e6-9dfb-891fefabe4dd','SOCIAL MEDIA','',1716342593567,1716342593567);
INSERT INTO categories VALUES('706087b3-131b-410c-84c4-21c5d79c1f8e','LIVES E EVENTOS','',1716342598927,1716342598927);
INSERT INTO categories VALUES('3d742329-e562-48c4-b4e9-4b1b3c3c974d','CORPORATIVO','',1716342604088,1716342604088);
INSERT INTO categories VALUES('bb90167a-5cd6-4c7f-9c3c-e42604f4aedf','CLIPE','',1716342608481,1716342608481);
CREATE TABLE IF NOT EXISTS `comments` (
	`id` text PRIMARY KEY NOT NULL,
	`body` text,
	`userId` text,
	`postId` integer,
	`createdOn` integer,
	`updatedOn` integer
, `tags` text);
CREATE TABLE IF NOT EXISTS `posts` (
	`id` text PRIMARY KEY NOT NULL,
	`title` text,
	`body` text,
	`userId` text,
	`createdOn` integer,
	`updatedOn` integer
, `image` text, `images` text, `tags` text, `slug` text);
INSERT INTO posts VALUES('b09ce844-3f75-481e-9fe0-9eb25f06125e','Produção','Serviço de produção versátil e inteligente, preparado para atuar de forma leve, eficiente, ágil e volumosa, com compreensão total das demandas digitais e em sinergia com as demandas criativas.','3ybw7xg762ci53x',1716338178619,1716338178619,'',NULL,'["{\"videos\":null,\"order\":0,\"fichaTecnica\":[],\"language\":\"ptbr\",\"socialMedia\":null,\"posttype\":\"tiposervicos\"}"]',NULL);
INSERT INTO posts VALUES('bc9678a1-c3c4-468c-b826-8378b795f36f','Criação e Roteiro','A sala de roteiro da Farra é formada por profissionais diversos e versáteis para atender a um amplo número de gêneros e formatos, de um drama de ficção a um reality show de não-ficção, de um vídeo para social media a uma série de branded content.','3ybw7xg762ci53x',1716338112400,1716338112400,'',NULL,'["{\"videos\":null,\"order\":0,\"fichaTecnica\":[],\"language\":\"ptbr\",\"socialMedia\":null,\"posttype\":\"tiposervicos\"}"]',NULL);
INSERT INTO posts VALUES('c8d31181-4628-4b93-ace9-f80fe147d20f','Estratégia','Planejamento estratégico para criação de campanhas e projetos especiais de branded content e entertainment.','3ybw7xg762ci53x',1716338104607,1716338104607,'',NULL,'["{\"videos\":null,\"order\":0,\"fichaTecnica\":[],\"language\":\"ptbr\",\"socialMedia\":null,\"posttype\":\"tiposervicos\"}"]',NULL);
INSERT INTO posts VALUES('14c6c6db-a667-4724-bf02-c41675883d26','Pós-Produção','A equipe de pós-produção da Farra conta com especialistas preparados para atender a todas as etapas: montagem (edição), motion graphic (animações), sonorização e tratamento de cor.','3ybw7xg762ci53x',1716338094051,1716338094051,'',NULL,'["{\"videos\":null,\"order\":0,\"fichaTecnica\":[],\"language\":\"ptbr\",\"socialMedia\":null,\"posttype\":\"tiposervicos\"}"]',NULL);
INSERT INTO posts VALUES('6ae23b67-6610-4780-b53c-908d0b332b05','Mídias Sociais','Planejamento, criação de conteúdo, gerenciamento de postagens e análise de resultados para canais, perfis e páginas.','3ybw7xg762ci53x',1716338081044,1716338081044,'',NULL,'["{\"videos\":null,\"order\":0,\"fichaTecnica\":[],\"language\":\"ptbr\",\"socialMedia\":null,\"posttype\":\"tiposervicos\"}"]',NULL);
INSERT INTO posts VALUES('edd68797-d5c6-4625-a490-c84da9511099','Produção Artística','Colaboramos com marcas e projetos especiais conectando o nome certo para falar com o público desejado. Além disso, atuamos junto a influenciadores e celebridades no desenvolvimento de conteúdos direcionados para cada talento, costurando parcerias e oportunidades. ','3ybw7xg762ci53x',1716338072223,1716338072223,'',NULL,'["{\"videos\":null,\"order\":0,\"fichaTecnica\":[],\"language\":\"ptbr\",\"socialMedia\":null,\"posttype\":\"tiposervicos\"}"]',NULL);
INSERT INTO posts VALUES('bfbc93a6-085d-49bf-9a0e-8c6bf15a258b','Serviços','Estamos preparados para atender todas as etapas de um projeto audiovisual, desde a sua criação até a entrega final, além de também oferecermos serviços fragmentados para atender a demandas específicas. Podemos, por exemplo, cuidar apenas da criação, apenas do roteiro, apenas da produção ou apenas da pós-produção.','3ybw7xg762ci53x',1716338064383,1716338064383,'',NULL,'["{\"videos\":null,\"order\":0,\"fichaTecnica\":[],\"language\":\"ptbr\",\"socialMedia\":null,\"posttype\":\"servicos\"}"]',NULL);
INSERT INTO posts VALUES('ef621f9b-1f8e-47e5-8310-888b0fbfd51e','Services','We are prepared to handle all stages of an audiovisual project, from its inception to final delivery, as well as offering fragmented services to meet specific demands. For example, we can take care of only the creation, only the screenplay, only the production, or only the post-production.','3ybw7xg762ci53x',1716338449099,1716338449099,'',NULL,'["{\"videos\":null,\"order\":0,\"fichaTecnica\":[],\"language\":\"enUS\",\"socialMedia\":null,\"posttype\":\"servicos\"}"]',NULL);
INSERT INTO posts VALUES('f49cdf63-54b4-4215-94c6-82d1f0553e52','Production','Versatile and intelligent production service, ready to operate in a lightweight, efficient, agile, and high-volume manner, with a full understanding of digital demands and in synergy with creative demands.','3ybw7xg762ci53x',1716338434727,1716338434727,'',NULL,'["{\"videos\":null,\"order\":0,\"fichaTecnica\":[],\"language\":\"enUS\",\"socialMedia\":null,\"posttype\":\"tiposervicos\"}"]',NULL);
INSERT INTO posts VALUES('3f91be34-2af3-416a-97d6-036631b496da','Creation and Scriptwriting','Farra''s scriptwriting room is composed of diverse and versatile professionals to cater to a wide range of genres and formats, from a fiction drama to a non-fiction reality show, from a social media video to a branded content series.','3ybw7xg762ci53x',1716338368520,1716338368520,'',NULL,'["{\"videos\":null,\"order\":0,\"fichaTecnica\":[],\"language\":\"enUS\",\"socialMedia\":null,\"posttype\":\"tiposervicos\"}"]',NULL);
INSERT INTO posts VALUES('5eef7592-8700-4350-9b6d-326bfbb631e9','Strategy','Strategic planning for the creation of campaigns and special projects in branded content and entertainment.','3ybw7xg762ci53x',1716338360188,1716338360188,'',NULL,'["{\"videos\":null,\"order\":0,\"fichaTecnica\":[],\"language\":\"enUS\",\"socialMedia\":null,\"posttype\":\"tiposervicos\"}"]',NULL);
INSERT INTO posts VALUES('19a1790a-6bc8-4bb9-b75f-8f02156fc5a8','Post-production','Farra''s post-production team consists of specialists prepared to handle all stages: editing, motion graphics (animations), sound design, and color grading.','3ybw7xg762ci53x',1716338351001,1716338351001,'',NULL,'["{\"videos\":null,\"order\":0,\"fichaTecnica\":[],\"language\":\"enUS\",\"socialMedia\":null,\"posttype\":\"tiposervicos\"}"]',NULL);
INSERT INTO posts VALUES('d8c00d49-fea1-4969-b943-46230315259d','Social Media','Planning, content creation, post management, and result analysis for channels, profiles, and pages.','3ybw7xg762ci53x',1716338330655,1716338330655,'',NULL,'["{\"videos\":null,\"order\":0,\"fichaTecnica\":[],\"language\":\"enUS\",\"socialMedia\":null,\"posttype\":\"tiposervicos\"}"]',NULL);
INSERT INTO posts VALUES('b026f66b-0bdf-4181-9be6-f0ecb9f3d6b0','Artist Management','We collaborate with brands and special projects by connecting the right name to communicate with the desired audience. Additionally, we work alongside influencers and celebrities in developing tailored content for each talent, stitching partnerships and opportunities together.','3ybw7xg762ci53x',1716338204107,1716338204107,'',NULL,'["{\"videos\":null,\"order\":0,\"fichaTecnica\":[],\"language\":\"enUS\",\"socialMedia\":null,\"posttype\":\"tiposervicos\"}"]',NULL);
INSERT INTO posts VALUES('632b83c0-8415-47c8-8a4f-6a18caa6d1a8','ITAU','','3ybw7xg762ci53x',1716340021434,1716340021434,'https://bucket.farra.media/itau-650x650.png',NULL,'["{\"videos\":null,\"order\":0,\"fichaTecnica\":[],\"language\":null,\"socialMedia\":null,\"posttype\":\"clientes\"}"]',NULL);
INSERT INTO posts VALUES('e15ab49f-650d-406f-acd2-dec1d467f81f','GLOBO','','3ybw7xg762ci53x',1716340010051,1716340010051,'https://bucket.farra.media/logo_0000_globoplay.png',NULL,'["{\"videos\":null,\"order\":0,\"fichaTecnica\":[],\"language\":null,\"socialMedia\":null,\"posttype\":\"clientes\"}"]',NULL);
INSERT INTO posts VALUES('ea08490f-44ca-4666-9ac8-a444bee7e15e','TIKTOK','','3ybw7xg762ci53x',1716339980521,1716339980521,'https://bucket.farra.media/tiktok-logo-9-1-650x650.png',NULL,'["{\"videos\":null,\"order\":0,\"fichaTecnica\":[],\"language\":null,\"socialMedia\":null,\"posttype\":\"clientes\"}"]',NULL);
INSERT INTO posts VALUES('e3432464-8f43-4f58-b941-5b9ecf3897bd','TIM','','3ybw7xg762ci53x',1716339969398,1716339969398,'https://bucket.farra.media/tim-650x650.png',NULL,'["{\"videos\":null,\"order\":0,\"fichaTecnica\":[],\"language\":null,\"socialMedia\":null,\"posttype\":\"clientes\"}"]',NULL);
INSERT INTO posts VALUES('c002dc27-823f-43f4-9603-6d32a82058d6','NETFLIX','','3ybw7xg762ci53x',1716339909013,1716339909013,'https://bucket.farra.media/logo_0003_Netflix.png',NULL,'["{\"videos\":null,\"order\":0,\"fichaTecnica\":[],\"language\":null,\"socialMedia\":null,\"posttype\":\"clientes\"}"]',NULL);
INSERT INTO posts VALUES('14698773-1a19-408d-9421-dc602b868099','HEINKEN','','3ybw7xg762ci53x',1716339842553,1716339842553,'https://bucket.farra.media/heinken-650x650.png',NULL,'["{\"videos\":null,\"order\":0,\"fichaTecnica\":[],\"language\":null,\"socialMedia\":null,\"posttype\":\"clientes\"}"]',NULL);
INSERT INTO posts VALUES('9c8b989e-4e24-49a9-b90b-50703869d1ee','SPOTIFY','','3ybw7xg762ci53x',1716339801565,1716339801565,'https://bucket.farra.media/logo_0010_Spotify.png',NULL,'["{\"videos\":null,\"order\":0,\"fichaTecnica\":[],\"language\":null,\"socialMedia\":null,\"posttype\":\"clientes\"}"]',NULL);
INSERT INTO posts VALUES('cd1e21c2-d551-49c4-a745-c1dc5662303f','NATURA','','3ybw7xg762ci53x',1716339791152,1716339791152,'https://bucket.farra.media/NATURA.png',NULL,'["{\"videos\":null,\"order\":0,\"fichaTecnica\":[],\"language\":null,\"socialMedia\":null,\"posttype\":\"clientes\"}"]',NULL);
INSERT INTO posts VALUES('c16760f2-1395-4d80-bf29-827b42848cda','BETC HAVAS','','3ybw7xg762ci53x',1716339782378,1716339782378,'https://bucket.farra.media/Camada-1.png',NULL,'["{\"videos\":null,\"order\":0,\"fichaTecnica\":[],\"language\":null,\"socialMedia\":null,\"posttype\":\"clientes\"}"]',NULL);
INSERT INTO posts VALUES('b75d7ed9-34d4-45c4-9a38-ee4cc463956e','HBO','','3ybw7xg762ci53x',1716339746864,1716339746864,'https://bucket.farra.media/logo_0016_hbo.png',NULL,'["{\"videos\":null,\"order\":0,\"fichaTecnica\":[],\"language\":null,\"socialMedia\":null,\"posttype\":\"clientes\"}"]',NULL);
INSERT INTO posts VALUES('d1cec8ba-bad6-4992-95b6-bceed68d6216','SHOPTIME','','3ybw7xg762ci53x',1716339738148,1716339738148,'https://bucket.farra.media/shoptime-650x650.png',NULL,'["{\"videos\":null,\"order\":0,\"fichaTecnica\":[],\"language\":null,\"socialMedia\":null,\"posttype\":\"clientes\"}"]',NULL);
INSERT INTO posts VALUES('bb0dd846-d5de-4122-b9bb-b7a4f0010b15','GLOBOPLAY','','3ybw7xg762ci53x',1716339725554,1716339725554,'https://bucket.farra.media/logo_0000_globoplay.png',NULL,'["{\"videos\":null,\"order\":0,\"fichaTecnica\":[],\"language\":null,\"socialMedia\":null,\"posttype\":\"clientes\"}"]',NULL);
INSERT INTO posts VALUES('aca09aac-6171-4cf5-bb2d-7025e7c2b4ab','WARNER_CHANNEL','','3ybw7xg762ci53x',1716339709850,1716339709850,'',NULL,'["{\"videos\":null,\"order\":0,\"fichaTecnica\":[],\"language\":null,\"socialMedia\":null,\"posttype\":\"clientes\"}"]',NULL);
INSERT INTO posts VALUES('6b50b62d-84a8-4c6d-97c4-3320e9d87ea8','WARNER_CHANNEL','','3ybw7xg762ci53x',1716339700232,1716339700232,'https://bucket.farra.media/logo_0007_Warner_Channel.png',NULL,'["{\"videos\":null,\"order\":0,\"fichaTecnica\":[],\"language\":null,\"socialMedia\":null,\"posttype\":\"clientes\"}"]',NULL);
INSERT INTO posts VALUES('8d8db12a-a025-4e55-b344-eadd4a0b16b3','AMAZON_PRIME_VIDEO','','3ybw7xg762ci53x',1716339675478,1716339675478,'https://bucket.farra.media/logo_0005_Amazon_Prime_Video.png',NULL,'["{\"videos\":null,\"order\":0,\"fichaTecnica\":[],\"language\":null,\"socialMedia\":null,\"posttype\":\"clientes\"}"]',NULL);
INSERT INTO posts VALUES('5d20455d-a6d1-4a94-be9a-a4f0de2f87a1','DISNEY','','3ybw7xg762ci53x',1716339649521,1716339649521,'https://bucket.farra.media/disney.png',NULL,'["{\"videos\":null,\"order\":0,\"fichaTecnica\":[],\"language\":null,\"socialMedia\":null,\"posttype\":\"clientes\"}"]',NULL);
INSERT INTO posts VALUES('4db2e27d-4c2d-4c9c-8af0-2d1b4a04c61b','ESPN','','3ybw7xg762ci53x',1716339607396,1716339607396,'https://bucket.farra.media/logo_0001_espn.png',NULL,'["{\"videos\":null,\"order\":0,\"fichaTecnica\":[],\"language\":null,\"socialMedia\":null,\"posttype\":\"clientes\"}"]',NULL);
INSERT INTO posts VALUES('f2c5ae43-73d4-4308-9035-613a952cc6fa','CCXP','','3ybw7xg762ci53x',1716339567955,1716339567955,'https://bucket.farra.media/ccxp.png',NULL,'["{\"videos\":null,\"order\":0,\"fichaTecnica\":[],\"language\":null,\"socialMedia\":null,\"posttype\":\"clientes\"}"]',NULL);
INSERT INTO posts VALUES('2d35ccba-18ca-440a-b7bf-828885707ba3','KWAI','','3ybw7xg762ci53x',1716339561476,1716339561476,'https://bucket.farra.media/kwai.png',NULL,'["{\"videos\":null,\"order\":0,\"fichaTecnica\":[],\"language\":null,\"socialMedia\":null,\"posttype\":\"clientes\"}"]',NULL);
INSERT INTO posts VALUES('3164b45a-e8c8-493d-9573-a2115e7d05ce','OMELETE','','3ybw7xg762ci53x',1716339540081,1716339540081,'https://bucket.farra.media/omelete.png',NULL,'["{\"videos\":null,\"order\":0,\"fichaTecnica\":[],\"language\":null,\"socialMedia\":null,\"posttype\":\"clientes\"}"]',NULL);
INSERT INTO posts VALUES('9ffa0b59-94b1-43a4-a849-6acb5b5e6eaa','COMEDY','','3ybw7xg762ci53x',1716339527919,1716339527919,'https://bucket.farra.media/comedy-central-650x650.png',NULL,'["{\"videos\":null,\"order\":0,\"fichaTecnica\":[],\"language\":null,\"socialMedia\":null,\"posttype\":\"clientes\"}"]',NULL);
INSERT INTO posts VALUES('4f0a4bf3-d722-483f-b2c4-f6863947bff4','TAG','','3ybw7xg762ci53x',1716339495933,1716339495933,'https://bucket.farra.media/tag-650x650.png',NULL,'["{\"videos\":null,\"order\":0,\"fichaTecnica\":[],\"language\":null,\"socialMedia\":null,\"posttype\":\"clientes\"}"]',NULL);
INSERT INTO posts VALUES('d7aab7c8-672e-49d4-b95d-05c56b4f8dfe','STAR','','3ybw7xg762ci53x',1716339457749,1716339457749,'https://bucket.farra.media/star.png',NULL,'["{\"videos\":null,\"order\":0,\"fichaTecnica\":[],\"language\":null,\"socialMedia\":null,\"posttype\":\"clientes\"}"]',NULL);
INSERT INTO posts VALUES('140707ca-524c-4239-bb98-8b12fca0503b','MIBR','','3ybw7xg762ci53x',1716339385654,1716339385654,'https://bucket.farra.media/mibr.png',NULL,'["{\"videos\":null,\"order\":0,\"fichaTecnica\":[],\"language\":null,\"socialMedia\":null,\"posttype\":\"clientes\"}"]',NULL);
INSERT INTO posts VALUES('0f38c7ee-f298-4df7-a515-3c75a5442d1a','Porta dos Fundos','','3ybw7xg762ci53x',1716339369406,1716339369406,'https://bucket.farra.media/logo-porta-large.png',NULL,'["{\"videos\":null,\"order\":0,\"fichaTecnica\":[],\"language\":null,\"socialMedia\":null,\"posttype\":\"clientes\"}"]',NULL);
INSERT INTO posts VALUES('5e328d54-728a-4c7b-8e6b-d23717c2d69c','REDETV','','3ybw7xg762ci53x',1716339355354,1716339355354,'https://bucket.farra.media/logo_0015_RedeTV.png',NULL,'["{\"videos\":null,\"order\":0,\"fichaTecnica\":[],\"language\":null,\"socialMedia\":null,\"posttype\":\"clientes\"}"]',NULL);
INSERT INTO posts VALUES('b6dac81d-6ffe-4cd2-bc4d-9706e3fe0e78','BAND','','3ybw7xg762ci53x',1716339299471,1716339299471,'https://bucket.farra.media/logo_0006_Band.png',NULL,'["{\"videos\":null,\"order\":0,\"fichaTecnica\":[],\"language\":null,\"socialMedia\":null,\"posttype\":\"clientes\"}"]',NULL);
INSERT INTO posts VALUES('6ee77380-00e1-4064-bccf-b86506f9ce3d','RECORDTV','','3ybw7xg762ci53x',1716339293640,1716339293640,'https://bucket.farra.media/logo_0011_recordtv.png',NULL,'["{\"videos\":null,\"order\":0,\"fichaTecnica\":[],\"language\":null,\"socialMedia\":null,\"posttype\":\"clientes\"}"]',NULL);
INSERT INTO posts VALUES('7ca05596-5da8-454f-a78e-44fec35cfaea','GNT','','3ybw7xg762ci53x',1716339270909,1716339270909,'https://bucket.farra.media/logo_0008_GNT.png',NULL,'["{\"videos\":null,\"order\":0,\"fichaTecnica\":[],\"language\":null,\"socialMedia\":null,\"posttype\":\"clientes\"}"]',NULL);
INSERT INTO posts VALUES('8e27f73e-a24c-4219-9385-625506625e10','MULTISHOW','','3ybw7xg762ci53x',1716339234074,1716339234074,'https://bucket.farra.media/logo_0014_multishow.png',NULL,'["{\"videos\":null,\"order\":0,\"fichaTecnica\":[],\"language\":null,\"socialMedia\":null,\"posttype\":\"clientes\"}"]',NULL);
INSERT INTO posts VALUES('def7f8eb-16c0-4476-ba4c-461fefbdd937','Who We Are','Partners André Brandt, Gui Cintra and Gui Vieira bring together their experiences in scripts, creation, direction, production, executive production in cinema, television and internet, in the most renowned broadcasters and platforms in the country, such as TV Globo, Disney+, Netflix, HBO Max, Amazon Prime Video, GNT, Spotify, RecordTV, Deezer, Globoplay, Multishow, TNT, Band, Redetv!, ESPN, Nickelodeon, National Geographic and Warner Channel.','3ybw7xg762ci53x',1716340155186,1717158813913,'https://bucket.farra.media/banner_quemsomos_desktop_en.avif','["https://bucket.farra.media/banner_quemsomos_desktop_en.avif"]','["{\"videos\":null,\"order\":0,\"fichaTecnica\":[],\"language\":\"enUS\",\"socialMedia\":null,\"posttype\":\"quemsomos\"}"]',NULL);
INSERT INTO posts VALUES('0e199125-242f-45d0-8096-a6defaefd022','Quem Somos','Os sócios André Brandt, Gui Vieira e Gui Cintra acumulam experiências em roteiro, criação, direção, produção e produção executiva de conteúdo e publicidade nos mais renomados players do mercado, como TV Globo, Netflix, Disney, Instagram, Viacom, WarnerBros Discovery, Spotify, RecordTV, Bandeirantes, Globoplay, Amazon Prime Video, ESPN, GNT e Multishow. Soma-se a essa bagagem um time fixo de profissionais de ofícios plurais, garantindo à Farra a entrega de serviços na lógica end-to-end.','3ybw7xg762ci53x',1716340209910,1716940888949,'https://bucket.farra.media/banner_quemsomos_desktop_prbr.avif','["https://bucket.farra.media/banner_site_quem-somos_mobile-pt.avif"]','["{\"videos\":null,\"order\":0,\"fichaTecnica\":[],\"language\":\"ptbr\",\"socialMedia\":null,\"posttype\":\"quemsomos\"}"]',NULL);
INSERT INTO posts VALUES('0539a9b4-8d83-4a7a-918a-2623e352bc60','Gui Cintra ','Director, writer and partner ','3ybw7xg762ci53x',1716342424695,1716342424695,'https://bucket.farra.media/cintra.avif',NULL,'["{\"videos\":null,\"order\":0,\"fichaTecnica\":[],\"language\":\"enUS\",\"socialMedia\":[\"https://www.linkedin.com/in/guicintra\",\"https://www.instagram.com/cintra/\",\"https://twitter.com/guicintra\"],\"posttype\":\"equipe\"}"]',NULL);
INSERT INTO posts VALUES('a0ae5b15-339a-477a-befb-4989e2381336','Gui Cintra ','Sócio, diretor e roteirista ','3ybw7xg762ci53x',1716342389494,1716342389494,'https://bucket.farra.media/cintra.avif',NULL,'["{\"videos\":null,\"order\":0,\"fichaTecnica\":[],\"language\":\"ptbr\",\"socialMedia\":[\"https://www.linkedin.com/in/guicintra\",\"https://www.instagram.com/cintra/\",\"https://twitter.com/guicintra\"],\"posttype\":\"equipe\"}"]',NULL);
INSERT INTO posts VALUES('404cda5f-81b2-494e-a118-6e0e9624c0f1','André Brandt ','Writer, director and partner ','3ybw7xg762ci53x',1716342362964,1716342362964,'https://bucket.farra.media/andre.avif',NULL,'["{\"videos\":null,\"order\":0,\"fichaTecnica\":[],\"language\":\"enUS\",\"socialMedia\":[\"https://www.linkedin.com/in/andr%C3%A9-brandt-4294286b/\",\"https://www.instagram.com/brandtandre\",\"https://twitter.com/andrebrandt\"],\"posttype\":\"equipe\"}"]',NULL);
INSERT INTO posts VALUES('86838873-8331-4066-8235-38025a3cf1c6','André Brandt ','Sócio, diretor e roteirista ','3ybw7xg762ci53x',1716342340055,1716342340055,'https://bucket.farra.media/andre.avif',NULL,'["{\"videos\":null,\"order\":0,\"fichaTecnica\":[],\"language\":\"ptbr\",\"socialMedia\":[\"https://www.linkedin.com/in/andr%C3%A9-brandt-4294286b/\",\"https://www.instagram.com/brandtandre\",\"https://twitter.com/andrebrandt\"],\"posttype\":\"equipe\"}"]',NULL);
INSERT INTO posts VALUES('b2577f10-9da6-460a-85ed-6192bfc5ae8e','Gui Vieira','Partner and executive producer ','3ybw7xg762ci53x',1716342310810,1716342310810,'https://bucket.farra.media/gui-vieira-2.avif',NULL,'["{\"videos\":null,\"order\":0,\"fichaTecnica\":[],\"language\":\"enUS\",\"socialMedia\":[\"https://www.linkedin.com/in/gui-vieira-19635046/\"],\"posttype\":\"equipe\"}"]',NULL);
INSERT INTO posts VALUES('350ed4bd-b228-4430-8a87-fa620ef401bb','Gui Vieira','Sócio e produtor executivo ','3ybw7xg762ci53x',1716342288848,1716342288848,'https://bucket.farra.media/gui-vieira-2.avif',NULL,'["{\"videos\":null,\"order\":0,\"fichaTecnica\":[],\"language\":\"ptbr\",\"socialMedia\":[\"https://www.linkedin.com/in/gui-vieira-19635046/\"],\"posttype\":\"equipe\"}"]',NULL);
INSERT INTO posts VALUES('e2b0f735-c19f-4e97-9fcb-695178304011','Rosa Taques ','Gestão de Projetos','3ybw7xg762ci53x',1716342259783,1716342259783,'https://bucket.farra.media/ros.avif',NULL,'["{\"videos\":null,\"order\":0,\"fichaTecnica\":[],\"language\":\"ptbr\",\"socialMedia\":null,\"posttype\":\"equipe\"}"]',NULL);
INSERT INTO posts VALUES('7bd5d5dc-3537-46c0-98eb-7359cd208869','Rosa Taques ','Project manager','3ybw7xg762ci53x',1716342236018,1716342236018,'https://bucket.farra.media/ros.avif',NULL,'["{\"videos\":null,\"order\":0,\"fichaTecnica\":[],\"language\":\"enUS\",\"socialMedia\":null,\"posttype\":\"equipe\"}"]',NULL);
INSERT INTO posts VALUES('f8fa33a0-81a3-49c4-9ffc-13f8714e4619','Lucas Nascimento ','Edição','3ybw7xg762ci53x',1716342191292,1716342191292,'https://bucket.farra.media/lucao.avif',NULL,'["{\"videos\":null,\"order\":0,\"fichaTecnica\":[],\"language\":\"ptbr\",\"socialMedia\":null,\"posttype\":\"equipe\"}"]',NULL);
INSERT INTO posts VALUES('0d91c2ef-8865-48b3-b79f-0f1d9619dc94','Lucas Nascimento ','Editor','3ybw7xg762ci53x',1716342166411,1716342166411,'https://bucket.farra.media/lucao.avif',NULL,'["{\"videos\":null,\"order\":0,\"fichaTecnica\":[],\"language\":\"enUS\",\"socialMedia\":null,\"posttype\":\"equipe\"}"]',NULL);
INSERT INTO posts VALUES('0b3fcf9c-a5cf-49e2-ba2a-55c31de26a7f','Juliana Hodas ','Direção de Produção ','3ybw7xg762ci53x',1716342140061,1716342140061,'https://bucket.farra.media/ju.avif',NULL,'["{\"videos\":null,\"order\":0,\"fichaTecnica\":[],\"language\":\"ptbr\",\"socialMedia\":null,\"posttype\":\"equipe\"}"]',NULL);
INSERT INTO posts VALUES('ec56c757-70ac-4d33-af68-d2f9c0b82156','Juliana Hodas ','Production director','3ybw7xg762ci53x',1716342121245,1716342121245,'https://bucket.farra.media/ju.avif',NULL,'["{\"videos\":null,\"order\":0,\"fichaTecnica\":[],\"language\":\"enUS\",\"socialMedia\":null,\"posttype\":\"equipe\"}"]',NULL);
INSERT INTO posts VALUES('ac01b910-3281-4c1f-be98-7220ca4ce6e0','Tayna Adam ','Executive producer ','3ybw7xg762ci53x',1716342039978,1716342039978,'https://bucket.farra.media/tay.avif',NULL,'["{\"videos\":null,\"order\":0,\"fichaTecnica\":[],\"language\":\"enUS\",\"socialMedia\":null,\"posttype\":\"equipe\"}"]',NULL);
INSERT INTO posts VALUES('765ce783-702c-46ff-bbb9-4b565fb0cc0c','Leo Parron ','Head writer and director ','3ybw7xg762ci53x',1716341992506,1716341992506,'https://bucket.farra.media/parron.avif',NULL,'["{\"videos\":null,\"order\":0,\"fichaTecnica\":[],\"language\":\"enUS\",\"socialMedia\":null,\"posttype\":\"equipe\"}"]',NULL);
INSERT INTO posts VALUES('3aa50db0-1279-4471-aefc-a11da2db4810','Andressa Souza ','Financeiro','3ybw7xg762ci53x',1716341958425,1716341958425,'https://bucket.farra.media/andressa.avif',NULL,'["{\"videos\":null,\"order\":0,\"fichaTecnica\":[],\"language\":\"ptbr\",\"socialMedia\":null,\"posttype\":\"equipe\"}"]',NULL);
INSERT INTO posts VALUES('288afeec-c15a-482f-8136-618ae221edf7','Andressa Souza ',' Finance manager ','3ybw7xg762ci53x',1716341933630,1716341933630,'https://bucket.farra.media/andressa.avif',NULL,'["{\"videos\":null,\"order\":0,\"fichaTecnica\":[],\"language\":\"enUS\",\"socialMedia\":null,\"posttype\":\"equipe\"}"]',NULL);
INSERT INTO posts VALUES('ff9331e2-a891-4d43-8147-f832eecc3b14','Rodrigo Moura ','Roteiro','3ybw7xg762ci53x',1716341905983,1716341905983,'https://bucket.farra.media/rodrigo.avif',NULL,'["{\"videos\":null,\"order\":0,\"fichaTecnica\":[],\"language\":\"ptbr\",\"socialMedia\":null,\"posttype\":\"equipe\"}"]',NULL);
INSERT INTO posts VALUES('543eeb66-3f5b-4cbb-8a06-f68c9975fa24','Rodrigo Moura ','Writer','3ybw7xg762ci53x',1716341881093,1716341881093,'https://bucket.farra.media/rodrigo.avif',NULL,'["{\"videos\":null,\"order\":0,\"fichaTecnica\":[],\"language\":\"enUS\",\"socialMedia\":null,\"posttype\":\"equipe\"}"]',NULL);
INSERT INTO posts VALUES('08baf172-558c-4cf5-a431-1823e83d50ed','Diego',' Estratégia Digital e Comercial ','3ybw7xg762ci53x',1716341725770,1716341725770,'https://bucket.farra.media/diego.png',NULL,'["{\"videos\":null,\"order\":0,\"fichaTecnica\":[],\"language\":\"ptbr\",\"socialMedia\":null,\"posttype\":\"equipe\"}"]',NULL);
INSERT INTO posts VALUES('c8fe3f54-4bbd-4e05-8812-ecea67f2e8e0','Diego','Business and digital strategist ','3ybw7xg762ci53x',1716341701467,1716341701467,'https://bucket.farra.media/diego.png',NULL,'["{\"videos\":null,\"order\":0,\"fichaTecnica\":[],\"language\":\"enUS\",\"socialMedia\":null,\"posttype\":\"equipe\"}"]',NULL);
INSERT INTO posts VALUES('ba373aa7-c483-4ec0-b037-655be036c9c8','Beatriz Vidal','Direção de Arte ','3ybw7xg762ci53x',1716341122445,1716341122445,'https://bucket.farra.media/bia.avif',NULL,'["{\"videos\":null,\"order\":0,\"fichaTecnica\":[],\"language\":\"ptbr\",\"socialMedia\":null,\"posttype\":\"equipe\"}"]',NULL);
INSERT INTO posts VALUES('d9a00bcd-8daf-4a30-99c4-55dc439f9f10','Beatriz Vidal','Art director','3ybw7xg762ci53x',1716341068298,1716341068298,'https://bucket.farra.media/bia.avif',NULL,'["{\"videos\":null,\"order\":0,\"fichaTecnica\":[],\"language\":\"enUS\",\"socialMedia\":null,\"posttype\":\"equipe\"}"]',NULL);
INSERT INTO posts VALUES('002a1935-b075-49ad-aba4-85a5aa290da6','Beatriz Fontana','Assistente Executiva ','3ybw7xg762ci53x',1716340719082,1716340719082,'https://bucket.farra.media/beatriz.avif',NULL,'["{\"videos\":null,\"order\":0,\"fichaTecnica\":[],\"language\":\"ptbr\",\"socialMedia\":null,\"posttype\":\"equipe\"}"]',NULL);
INSERT INTO posts VALUES('81128223-c305-478c-ad2a-0d6711dfc91b','Beatriz Fontana','Executive assistant ','3ybw7xg762ci53x',1716340541898,1716340541898,'https://bucket.farra.media/beatriz.avif',NULL,'["{\"videos\":null,\"order\":0,\"fichaTecnica\":[],\"language\":\"enUS\",\"socialMedia\":null,\"posttype\":\"equipe\"}"]',NULL);
INSERT INTO posts VALUES('c92508ce-3817-4eb8-b039-fb9f61d0be6d','Sergio Barbosa','Roteiro','3ybw7xg762ci53x',1716340452847,1716340452847,'https://bucket.farra.media/sergio.avif',NULL,'["{\"videos\":null,\"order\":0,\"fichaTecnica\":[],\"language\":\"ptbr\",\"socialMedia\":null,\"posttype\":\"equipe\"}"]',NULL);
INSERT INTO posts VALUES('e208c8ae-ab43-43d2-bf2c-a6127742ae19','Sergio Barbosa','Writer ','3ybw7xg762ci53x',1716340342530,1716340342530,'https://bucket.farra.media/sergio.avif',NULL,'["{\"videos\":null,\"order\":0,\"fichaTecnica\":[],\"language\":\"enUS\",\"socialMedia\":null,\"posttype\":\"equipe\"}"]',NULL);
INSERT INTO posts VALUES('cce6ee8a-7d56-4900-86cf-ec9d7d50d9bc','Heinz | O Maior Rótulo do Mundo','<p>Heinz fez uma ação com o maior rótulo do mundo, para mostrar os ingredientes do produto que estampavam a frente do rótulo. Era pra ser só um simples making of da ação, mas virou um mega videocase.</p>','3ybw7xg762ci53x',1716342704799,1717647607331,'https://bucket.farra.media/heinz-1.png','["https://bucket.farra.media/01.jpg"]','["{\"videos\":\"https://vimeo.com/545666496\",\"order\":0,\"fichaTecnica\":[],\"language\":\"ptbr\",\"socialMedia\":null,\"posttype\":\"jobs\"}"]','heinz-o-maior-rotulo-do-mundo');
INSERT INTO posts VALUES('a0acd772-c27f-44a1-b256-7bf324d2a9c1','Intimus / KOTEX - #ChegadeEstigma','Campanha global para a marca Kotex (Intimus no Brasil). Projeto com três etapas, filme hero com o mote da campanha #chegadestigma, ação da Caixa do Estigma na Avenida Paulista e três talk-shows para três países diferentes.','3ybw7xg762ci53x',1716419431015,1717647588868,'https://bucket.farra.media/inti-1.png','["https://bucket.farra.media/maxresdefault-4.jpg","https://bucket.farra.media/caixa_do_estigma_intimus.jpg","https://bucket.farra.media/INTIMUS_FRAME-CAMPANHA-1600x465-1.png"]','["{\"videos\":[\"https://vimeo.com/589433866\",\"https://vimeo.com/589430298\",\"https://vimeo.com/589430583\"],\"order\":0,\"fichaTecnica\":[{\"title\":\"Coord. Produção\",\"content\":\"Guilherme Vieira\"},{\"title\":\"Produção\",\"content\":\"Awake Film\"}],\"language\":\"ptbr\",\"socialMedia\":null,\"posttype\":\"jobs\"}"]','intimus-kotex---chegadeestigma');
INSERT INTO posts VALUES('a137dccb-401f-47eb-94a4-9c006bb220ce','Seus momentos sua vida - Canon','Projeto para um tutorial de lentes básicas da Canon e câmera T3i. Para criar algo além do convencional, fomos para externa mostrar o uso do equipamento na realidade. Inteligência de produção na condução do trabalho, equipe capacitada e enxuta trouxeram para um projeto low budget a visão de quatro locações distintas em nosso país, Jalapão, Rio de Janeiro, Parque Nacional de Itatiaia e Manaus. O resultado foram 6 vídeos tutoriais e um vídeo hero da campanha.','3ybw7xg762ci53x',1716419732504,1717647588864,'https://bucket.farra.media/canon.png','["https://bucket.farra.media/canon_0003_Camada-1.png","https://bucket.farra.media/canon_0002_Camada-2.png","https://bucket.farra.media/canon_0000_Camada-4.png"]','["{\"videos\":[\"https://vimeo.com/589430081\",\"\"],\"order\":0,\"fichaTecnica\":[{\"title\":\"Produção e Produção Executiva\",\"content\":\"Guilherme Vieira\"},{\"title\":\"Produtora\",\"content\":\"Awake Film\"}],\"language\":\"ptbr\",\"socialMedia\":null,\"posttype\":\"jobs\"}"]','seus-momentos-sua-vida---canon');
INSERT INTO posts VALUES('61716d8b-8b3a-4574-ad6b-2ee550b999a2','Matilha - Francisco El Hombre','Produção do videoclipe para a banda Francisco El Hombre. “Matilha”, filmado no centro de São Paulo com mais de 400 fãs da banda, foi destaque em festivais nacionais e internacionais.','3ybw7xg762ci53x',1716419867435,1717647588872,'https://bucket.farra.media/matilha.png','["https://bucket.farra.media/Edit_3_-_Matilha_COR_OFFLINE_0571.jpg","https://bucket.farra.media/matilhaclipe-1.jpg","https://bucket.farra.media/matilha-capa-final.jpg"]','["{\"videos\":\"https://vimeo.com/545657315\",\"order\":0,\"fichaTecnica\":[{\"title\":\"Produção Executiva\",\"content\":\"Guilherme Vieira\"},{\"title\":\"Produtora\",\"content\":\"Awake Film\"}],\"language\":\"ptbr\",\"socialMedia\":null,\"posttype\":\"jobs\"}"]','matilha---francisco-el-hombre');
INSERT INTO posts VALUES('e1376ec9-8a64-4339-91d6-44a293c7e46a','Netflix | Lançamentos','Lançamentos de filmes e séries para Netflix com enredos e propostas totalmente distintas: “El Camino”, um filme de Breaking Bad com Maurício Meirelles inserido no grupo de autoajuda; “Elite”, com MC Kevinho, onde refizemos a festa do assassinado e incluímos Kevinho na sala de depoimento com a delegada da série; “Eu Resolvi Esperar”, campanha com Sandy para lançamento da segunda temporada de La Casa de Papel; “The Crown”, com participação da rainha Elza Soares; e “Roma”, para promoção do filme de Alfonso Cuarón, vencedor do Oscar.','3ybw7xg762ci53x',1716420031815,1717647865808,'https://bucket.farra.media/lancamentos.png',NULL,'["{\"videos\":[\"https://vimeo.com/545673202\",\"https://vimeo.com/605942768\",\"https://vimeo.com/545673839\",\"https://vimeo.com/545675365\",\"https://vimeo.com/545665629\"],\"order\":0,\"fichaTecnica\":[{\"title\":\"Coord. de Produção\",\"content\":\"Guilherme Vieira\"},{\"title\":\"Produtora\",\"content\":\"Awake Film\"}],\"language\":\"ptbr\",\"socialMedia\":null,\"posttype\":\"jobs\"}"]','netflix-lancamentos');
INSERT INTO posts VALUES('8c33e6cf-c459-45e6-9bf2-1151439eada2','Diário do Olivier','Programa do Chef Olivier Anquier para o canal GNT. Ficou 20 anos no ar, encerrando sua última temporada em 2017. Gui Vieira produziu e dirigiu, em 2016 e 2017, as temporadas: França, Austrália, Tailândia e Índia. Em 2013 e 2014, produziu as temporadas: China, Turquia, África do Sul e Moçambique.','3ybw7xg762ci53x',1716420217737,1717647889511,'https://bucket.farra.media/diario.png',NULL,'["{\"videos\":[\"https://vimeo.com/223556677\",\"https://vimeo.com/216625129\",\"https://vimeo.com/216611693\",\"https://vimeo.com/216608050\",\"https://vimeo.com/216604939\",\"https://vimeo.com/216621780\",\"https://vimeo.com/216618531\",\"https://vimeo.com/216596499\",\"https://vimeo.com/216597629\",\"https://vimeo.com/228102874\",\"https://vimeo.com/228105737\",\"https://vimeo.com/228100098\",\"https://vimeo.com/228111975\",\"https://vimeo.com/228121022\",\"https://vimeo.com/228118105\",\"https://vimeo.com/228115088\",\"https://vimeo.com/228108820\",\"https://vimeo.com/223563101\",\"https://vimeo.com/228124743\",\"https://vimeo.com/216615273\",\"https://vimeo.com/228097134\",\"\",\"\",\"\",\"\",\"\",\"\",\"\"],\"order\":0,\"fichaTecnica\":[{\"title\":\"Direção e Produção\",\"content\":\"Guilherme Vieira\"},{\"title\":\"Produção\",\"content\":\"Bossa Nova Films\"}],\"language\":\"ptbr\",\"socialMedia\":null,\"posttype\":\"jobs\"}"]','diario-do-olivier');
INSERT INTO posts VALUES('d6dbca63-93cd-4fee-9b69-cb71c5c569a7','Foca em 2020','Mesmo com muitas adversidades, 2020 foi um ano de muitos acontecimentos no mundo pop. Memes infinitos, parcerias musicais inesquecíveis, séries que fizeram a nossa alegria durante o isolamento social e ninguém melhor para relembrar isso do que a Foquinha. Ao longo de mais de 4 horas de conteúdo ao vivo, a live contou com a participação de artistas como Pabllo Vittar, Emicida e Anitta.','3ybw7xg762ci53x',1716420518831,1717647905232,'https://bucket.farra.media/focaaa.png','["https://bucket.farra.media/020202.png","https://bucket.farra.media/foca.jpg"]','["{\"videos\":[\"https://vimeo.com/585646949\",\"https://vimeo.com/625455102\"],\"order\":0,\"fichaTecnica\":[{\"title\":\"Direção\",\"content\":\"Gui Cintra\"},{\"title\":\"Roteiro\",\"content\":\"Gui Cintra e André Brandt\"},{\"title\":\"Produção e Criação\",\"content\":\"Farra\"},{\"title\":\"Produção\",\"content\":\"Farra\"}],\"language\":\"ptbr\",\"socialMedia\":null,\"posttype\":\"jobs\"}"]','foca-em-2020');
INSERT INTO posts VALUES('889af3f9-0aeb-4a83-bd5e-be5ab2480a98','Receitas Nestlé','Desenvolvimento, criação e produção de programas para o Canal e Portal “Receitas Nestlé”, da Nestlé Brasil. Em 2019 e 2020, foram entregues mais de 50 episódios de diferentes programas para o canal da marca, em diferentes formatos: reality, talk-show, documental, culinário, etc. Dentre os formatos, se destacam títulos como: Chocolateria, Põe Cremosidade Nisso, Deu Ruim, Nutri Ajuda, Brasil Sabores Mil, Receitas de Final de Semana, Mais Vividas e Escolhas Certas. No guarda chuva de Receitas Nestlé, foram atendidas as marcas Molico, Maggi, Garoto, Nutren, Creme de Leite Nestlé, Aveias Nestlé, Leite Moça, Nescafé, Nestlé Health Science.','3ybw7xg762ci53x',1716420679319,1717647932759,'https://bucket.farra.media/receitas.png',NULL,'["{\"videos\":[\"https://vimeo.com/547726405\",\"https://vimeo.com/582597160\",\"https://vimeo.com/586467179\",\"https://vimeo.com/586429601\",\"https://vimeo.com/582596646\",\"https://vimeo.com/582595519\",\"https://vimeo.com/547722788\",\"https://vimeo.com/582209977\",\"https://vimeo.com/547704419\",\"https://vimeo.com/547728947\",\"https://vimeo.com/557763188\",\"https://vimeo.com/547714191\",\"https://vimeo.com/547718487\",\"https://vimeo.com/557771327\",\"https://vimeo.com/558283365\",\"https://vimeo.com/732558375\"],\"order\":0,\"fichaTecnica\":[{\"title\":\"Produção Executiva\",\"content\":\"Guilherme Vieira\"},{\"title\":\"Direção de Produção\",\"content\":\"Tarcila Villa\"},{\"title\":\"Roteiro e Criação\",\"content\":\"Gui Cintra, Dani Garuti e André Brandt\"},{\"title\":\"Produção\",\"content\":\"Awake Film\"}],\"language\":\"ptbr\",\"socialMedia\":null,\"posttype\":\"jobs\"}"]','receitas-nestle');
INSERT INTO posts VALUES('00a8df26-484e-4278-930b-d4734bec87ac','Coach Nada','O humorista Gabriel Rocha (@laddynada) estrelou sua primeira websérie para a plataforma Instagram com produção e criação da Farra. A proposta era criar uma série de dramaturgia de comédia para o formato 9:16. A série conta no elenco com as participações de Cleo, Vitor DiCastro, Lucas Guedez e Dani Calabresa. Projeto indicado a Melhor Série Vertical no Rio Web Fest 2020.','3ybw7xg762ci53x',1716420851153,1717647980797,'https://bucket.farra.media/coach-1.png','["https://bucket.farra.media/944928372_1280x720.jpg","https://bucket.farra.media/laddy-nada-gabriel-rocha.jpg","https://bucket.farra.media/gabriel-rocha-e-dani-calabresa.jpg"]','["{\"videos\":\"https://vimeo.com/557300363\",\"order\":0,\"fichaTecnica\":[{\"title\":\"Direção\",\"content\":\"Gui Cintra\"},{\"title\":\"Roteiro\",\"content\":\"Gui Cintra e André Brandt\"},{\"title\":\"Produção e Criação\",\"content\":\"Farra\"}],\"language\":\"ptbr\",\"socialMedia\":null,\"posttype\":\"jobs\"}"]','coach-nada');
INSERT INTO posts VALUES('5d5a2d67-3f65-4cb1-8b19-a50902487d25','TNT | MEME da Comédia','Reality show exibido pelo Canal TNT, apresentado por Ed Gama, Fafy Siqueira e Victor Lamoglia para escolher o melhor nome da comédia.','3ybw7xg762ci53x',1716421198555,1716421198555,'https://bucket.farra.media/tnt.png',NULL,'["{\"videos\":\"https://vimeo.com/619161787\",\"order\":0,\"fichaTecnica\":[{\"title\":\"Criação\",\"content\":\"Gui Cintra\"},{\"title\":\"Chef de Roteiro\",\"content\":\"Gui Cintra\"},{\"title\":\"Roteiro\",\"content\":\"André Brandt\"},{\"title\":\"Produção\",\"content\":\"Chango\"}],\"language\":\"ptbr\",\"socialMedia\":null,\"posttype\":\"jobs\"}"]',NULL);
INSERT INTO posts VALUES('217a93d6-3f30-4d23-911c-6d8a9e52c626','Omelete | Live Oscar','A tradicional live do Oscar do omelete do ano de 2021 teve roteiro e direção da Farra.','3ybw7xg762ci53x',1716421324917,1717648260273,'https://bucket.farra.media/oscar.png',NULL,'["{\"videos\":\"https://vimeo.com/637056955\",\"order\":0,\"fichaTecnica\":[{\"title\":\"Direção\",\"content\":\"Gui Cintra\"},{\"title\":\"Roteiro\",\"content\":\"Sergio Barbosa, leo Parron, Andre brandt e Gui Cintra\"}],\"language\":\"ptbr\",\"socialMedia\":null,\"posttype\":\"jobs\"}"]','omelete-live-oscar');
INSERT INTO posts VALUES('184cc700-fe9f-4ce6-9418-31c3e0edd558','STAR+ | Lançamento','O Streaming Star + chegou ao Brasil e a Farra foi escolhida para criar e executar uma campanha com uma grande gama de influenciadores do mercado, Vitor Fernando, Pocah, Sophia Abrahao, Sergio Malheiros, Lucas Guedes, John Drops, Bia e Branca.Criação, roteiro, produção e pós produção Farra, com a troca criativa e indicações de execução para os Creators, apoiando os valores da marca sem perder a espontaneidade de cada Creator. A campanha entregou 10 Reels diferentes e mais de 120 stories do conteúdo Star +.','3ybw7xg762ci53x',1716421601316,1716465221246,'https://bucket.farra.media/star.png',NULL,'["{\"videos\":\"https://vimeo.com/623638191\",\"order\":0,\"fichaTecnica\":[{\"title\":\"Produção Executiva\",\"content\":\"Guilherme Vieira\"},{\"title\":\"Produtoras\",\"content\":\"Tarcila Villa e Yasmin Persi\"},{\"title\":\"Roteiro\",\"content\":\"André Brandt, Maria Clara, Sergio Barbosa e Gui Cintra\"},{\"title\":\"Direção\",\"content\":\"Gui Cintra\"},{\"title\":\"Produção\",\"content\":\"Farra\"}],\"language\":\"ptbr\",\"socialMedia\":null,\"posttype\":\"jobs\"}"]',NULL);
INSERT INTO posts VALUES('9ee014c3-ab81-4ca0-aecb-f2dd3564b945','Kwai | Creators','Com a chegada da Kwai no Brasil em 2021, a Farra fechou uma parceria para criar conteúdos de comédia originais para alguns creators da plataforma. Oferecemos: curadoria, criação, roteiro, direção e pós-produção. O projeto teve 100 vídeos entregues em 30 dias: 20 vídeos por semana, para 5 creators diferentes. Esquetes de humor com duração de um minuto. Uma verdadeira linha de produção de conteúdo','3ybw7xg762ci53x',1716421886852,1716465216599,'https://bucket.farra.media/kwai.png',NULL,'["{\"videos\":\"https://vimeo.com/602092851\",\"order\":0,\"fichaTecnica\":[{\"title\":\"Produção Executiva\",\"content\":\"Guilherme Vieira\"},{\"title\":\"Roteiro\",\"content\":\"Maria Clara, Victor Ahmar, Gui Cintra e André Brandt\"},{\"title\":\"Produção\",\"content\":\"Farra\"}],\"language\":\"ptbr\",\"socialMedia\":null,\"posttype\":\"jobs\"}"]',NULL);
INSERT INTO posts VALUES('17b254b8-488d-48b4-aa71-4314f0a7130e','A Última Peça','Longa-metragem de comédia infanto-juvenil estrelado pela youtuber Paula Stephânia, em exibição no Amazon Prime Video. A Farra é produtora associada e o roteiro é assinado por André Brandt e Gui Cintra.','3ybw7xg762ci53x',1716421964450,1717647990953,'https://bucket.farra.media/a-ultima-peca.png',NULL,'["{\"videos\":\"https://vimeo.com/606874046\",\"order\":0,\"fichaTecnica\":[{\"title\":\"Direção\",\"content\":\"André Moraes\"},{\"title\":\"Roteiro\",\"content\":\"André Brandt e Gui Cintra\"},{\"title\":\"Distribuição\",\"content\":\"Europa Filmes\"},{\"title\":\"Produção\",\"content\":\"Farra e Aquarela Filmes\"}],\"language\":\"ptbr\",\"socialMedia\":null,\"posttype\":\"jobs\"}"]','a-ultima-peca');
INSERT INTO posts VALUES('8b243bdd-ead1-4607-bee5-1f29ecbc53d4','CCXP Worlds 2020','Em meio ao isolamento social de 2020, o maior evento presencial de cultura geek do mundo precisou se reinventar no mundo virtual. A CCXP WORLDS foi um projeto ambicioso da Omelete Company no qual todos os painéis presenciais do evento foram transformados em uma experiência virtual. Ao todo, foram 150 horas de conteúdo transmitidas, em 5 palcos simultâneos ao longo de 3 dias de evento, que chegava ao público através de um mapa interativo gamificado. Inúmeros painéis nacionais e internacionais repercutiram os grandes lançamentos do cinema e televisão de 2020 e dos grandes estúdios como Paramount, Warner Media, Amazon Studios, Disney, etc. Um grande desafio de criação e produção desenvolvido em 2 meses.','3ybw7xg762ci53x',1716422609410,1717647991556,'https://bucket.farra.media/ccxp.png','["https://bucket.farra.media/8C1A8266-1024x683-1.jpg","https://bucket.farra.media/8-c-1-a-9460.png","https://bucket.farra.media/ccxp.png"]','["{\"videos\":[\"https://vimeo.com/557809467\",\"https://vimeo.com/611903976\"],\"order\":0,\"fichaTecnica\":[{\"title\":\"Produção Executiva\",\"content\":\"Gui Vieira\"},{\"title\":\"Roteiro e Criação\",\"content\":\"Gui Cintra, André Brandt, Rodrigo Moura, Leo Parron e Maria Clara\"},{\"title\":\"Direção de Produção\",\"content\":\"Tarcila Villa\"},{\"title\":\"Produção\",\"content\":\"Omelete Company\"}],\"language\":\"ptbr\",\"socialMedia\":null,\"posttype\":\"jobs\"}"]','ccxp-worlds-2020');
INSERT INTO posts VALUES('d04b5343-461f-4745-b0dc-c5babcde307e','Boca a Boca','Bianca Andrade (Boca Rosa) estrelou as três temporadas desse programa semanal que, além de bombar no Youtube, venceu o Prêmio MTV MIAW 2020. O programa, de 1 hora de duração, contou com participações de artistas como: Pabllo Vittar, Alok, Luisa Sonza, Dulce Maria, Gloria Groove, Pocah, Menos é Mais, Dilsinho, Diva Depressão, Fábio Porchat, Sabrina Sato, Giulia Be, Pedro Sampaio, dentre outros.','3ybw7xg762ci53x',1716422725901,1717647991653,'https://bucket.farra.media/boca-1.png',NULL,'["{\"videos\":\"https://vimeo.com/557695860\",\"order\":0,\"fichaTecnica\":[{\"title\":\"Produção Executiva\",\"content\":\"Gui Vieira\"},{\"title\":\"Roteiro\",\"content\":\"André Brandt\"},{\"title\":\"Direção\",\"content\":\"Gui Cintra\"},{\"title\":\"Produção\",\"content\":\"Farra\"}],\"language\":\"ptbr\",\"socialMedia\":null,\"posttype\":\"jobs\"}"]','boca-a-boca');
INSERT INTO posts VALUES('8e880055-569d-4d4f-9208-828377f60ff2','Disney+ | Lançamento Luca','A Farra criou, roteirizou e produziu as peças da campanha audiovisual do lançamento do filme Luca, da Disney/Pixar, com estreia exclusiva no Disney+. Foram 4 ações distintas: uma série de peças e fotos para divulgação para imprensa com entrevistas e peças para o digital com os dubladores do filme Luis Miranda, Claudia Raia e Sophia Raia; uma esquete de comédia com Luis, Claudia e Sophia; uma live com Dani Calabresa para divulgação no dia do lançamento do filme; uma websérie com o lado italianissimo de Dani Calabresa para divulgação em suas redes.','3ybw7xg762ci53x',1716423025626,1717647992787,'https://bucket.farra.media/lucca.png','["https://bucket.farra.media/3613323-claudia-raia-contou-que-sophia-comeca-a-950x0-2.jpg","https://bucket.farra.media/3613332-o-filme-lucca-tem-claudia-raia-sophia-950x0-2.jpg"]','["{\"videos\":[\"https://vimeo.com/558223465\",\"https://vimeo.com/569538333\",\"https://vimeo.com/569549244\"],\"order\":0,\"fichaTecnica\":[{\"title\":\"Direção\",\"content\":\"Gui Cintra\"},{\"title\":\"Produção Executiva\",\"content\":\"Guilherme Vieira\"},{\"title\":\"Diretora de Produção\",\"content\":\"Tarcila Villa\"},{\"title\":\"Roteiro\",\"content\":\"André Brandt, Sergio Barbosa, Rodrigo Moura e Gui Cintra\"},{\"title\":\"Produção e Criação\",\"content\":\"Farra\"}],\"language\":\"ptbr\",\"socialMedia\":null,\"posttype\":\"jobs\"}"]','disney-lancamento-luca');
INSERT INTO posts VALUES('4c30d855-a05e-4826-9476-93c05f26c4a5','Compro Likes','Wagner é um ator fracassado que deseja alcançar o estrelato, mas paga as contas animando asilos e festinhas infantis. Ele não suporta mais ser rejeitado em todos os testes de elenco dos quais participa. Depois de muitas tentativas frustradas, ele bola um plano com a amiga Sarah e recorre ao excêntrico guru Johnny Silva para aprender como ficar famoso a qualquer custo. A partir do conselho do professor, cria uma vida baseada em mentiras nas redes sociais. O plano funciona maravilhosamente bem: ele ganha milhões de seguidores e se torna uma celebridade! As coisas mudam quando ele é chamado por um diretor americano para seu primeiro papel no cinema, desta vez, de verdade. Porém, nem tudo são flores e glamour.','3ybw7xg762ci53x',1716423110657,1717647993186,'https://bucket.farra.media/compro-likes.png',NULL,'["{\"videos\":\"https://vimeo.com/870268328\",\"order\":0,\"fichaTecnica\":[{\"title\":\"Estrelando\",\"content\":\"Fábio Lago e Ana Carol Machado\"},{\"title\":\"Criação\",\"content\":\"André Brandt e André Moraes\"}],\"language\":\"ptbr\",\"socialMedia\":null,\"posttype\":\"jobs\"}"]','compro-likes');
INSERT INTO posts VALUES('e45d014e-e0b5-43f6-bc3e-aac1d6c49ada','Logitech | BGS 2022','A Logitech montou um mega stand na Brazil Game Show e procurou a Farra para desenvolver todo o roteiro dos sete dias de evento no Stand. Criamos pautas e conteúdo para toda apresentação do Stand e para as apresentadoras Camilota e Twana.','3ybw7xg762ci53x',1716423223341,1717647994051,'https://bucket.farra.media/logi.png',NULL,'["{\"videos\":\"https://vimeo.com/765729820\",\"order\":0,\"fichaTecnica\":[{\"title\":\"Roteiro\",\"content\":\"Gui Cintra, Ste Marques\"}],\"language\":\"ptbr\",\"socialMedia\":null,\"posttype\":\"jobs\"}"]','logitech-bgs-2022');
INSERT INTO posts VALUES('9879cf28-f8b8-4288-b009-5b6d8b8e4d8b','UOL | Batalha dos Eliminados','Para celebrar a história dos 23 anos de reality, além da edição atual, juntamos 6 ex-participantes do Big Brother Brasil em estúdio para discutirem sobre o reality, lembrarem fatos marcantes e disputarem games eliminatórios baseados no universo do BBB.','3ybw7xg762ci53x',1716423301155,1717647994542,'https://bucket.farra.media/bata.png',NULL,'["{\"videos\":\"https://vimeo.com/797370285\",\"order\":0,\"fichaTecnica\":[{\"title\":\"Roteiro\",\"content\":\"Léo Parron, Sérgio Barbosa e Ste Marques\"},{\"title\":\"Produção e Criação\",\"content\":\"Farra\"}],\"language\":\"ptbr\",\"socialMedia\":null,\"posttype\":\"jobs\"}"]','uol-batalha-dos-eliminados');
INSERT INTO posts VALUES('39e18f86-0d72-4774-bb9d-0137d7640973','Shoptime | Black Friday','Além da super live de vendas da Shoptime que contou com apresentação de Adriane Galisteu, e a participação de outros artistas como: Carla Diaz, Dani Chroma, Gustavo Mioto, Melim e outros. A Farra também assinou roteiro, direção e produção das peças de divulgação da live Black Friday.','3ybw7xg762ci53x',1716423376470,1717647995499,'https://bucket.farra.media/shoptime.png',NULL,'["{\"videos\":\"https://vimeo.com/642309634\",\"order\":0,\"fichaTecnica\":[{\"title\":\"Direção\",\"content\":\"Gui Cintra\"},{\"title\":\"Produção Executiva\",\"content\":\"Gui Vieira\"},{\"title\":\"Produção\",\"content\":\"Farra\"}],\"language\":\"ptbr\",\"socialMedia\":null,\"posttype\":\"jobs\"}"]','shoptime-black-friday');
INSERT INTO posts VALUES('e4557282-867a-4865-95fd-43d9555aee64','Cannabis Thinking','Fomos procurados pelo time da The Green Hub para fazer a transmissão do evento Cannabis Thinking 2022. Organizamos todo o streaming, produção, câmeras, gestão de libras e tradução simultânea, além do pacote gráfico e informações nos GCs da transmissão.Produzimos as fotografias do evento e de convidados.E para Social Media, criamos e roteirizamos algumas editorias e fizemos perguntas aos convidados com uma câmera solta ao evento. Todos esse conteúdo foi edito pós evento e virou conteúdo diário para as redes sociais pelos próximos 3 meses pós evento.','3ybw7xg762ci53x',1716423515217,1717647996782,'https://bucket.farra.media/canna.png',NULL,'["{\"videos\":\"https://vimeo.com/765892192\",\"order\":0,\"fichaTecnica\":[{\"title\":\"Produção\",\"content\":\"Farra\"},{\"title\":\"Produção Executiva\",\"content\":\"Gui Vieira\"},{\"title\":\"Gestão de Projetos\",\"content\":\"Victoria Rodrigues\"},{\"title\":\"Edição\",\"content\":\"Jennifer Brito\"},{\"title\":\"Design e Arte\",\"content\":\"Beatriz Vidal e Angelo Ramos\"},{\"title\":\"Pós-produção\",\"content\":\"Fred Kesselring\"}],\"language\":\"ptbr\",\"socialMedia\":null,\"posttype\":\"jobs\"}"]','cannabis-thinking');
INSERT INTO posts VALUES('b9336c47-8a41-434f-9478-1dd402e3e059','Shoptime | Plantão Liquida','Evaristo Costa estrela a campanha “Plantão Liquida Shoptime” com uma série de peças publicitárias com roteiro, direção e produção assinadas pela Farra.','3ybw7xg762ci53x',1716423747845,1717648018517,'https://bucket.farra.media/evaristo.png',NULL,'["{\"videos\":\"https://vimeo.com/732568284\",\"order\":0,\"fichaTecnica\":[{\"title\":\"Direção\",\"content\":\"Gui Cintra\"},{\"title\":\"Produção Executiva\",\"content\":\"Gui Vieira\"},{\"title\":\"Produção\",\"content\":\"Farra\"}],\"language\":\"ptbr\",\"socialMedia\":null,\"posttype\":\"jobs\"}"]','shoptime-plantao-liquida');
INSERT INTO posts VALUES('a6137a12-d61f-413c-bc22-1b7a09bc7c48','Foca em 2021','Repetindo o sucesso de 2020, a retrospectiva da Foquinha voltou no ano seguinte com o “Foca em 2021”. Em parceria com o Tik Tok, o programa ao vivo foi exibido com exclusividade na plataforma, no formato 9:16, e contou com as participações especiais de Pequena Lô, Boca Rosa e Fred, Diva Depressão, Victor DiCastro, Vittor Fernando, Fefê, Esse Menino e Bielo.','3ybw7xg762ci53x',1716424145542,1717647999249,'https://bucket.farra.media/foquinha.png',NULL,'["{\"videos\":\"https://vimeo.com/674433361\",\"order\":0,\"fichaTecnica\":[{\"title\":\"Direção\",\"content\":\"Gui Cintra\"},{\"title\":\"Produção Executiva\",\"content\":\"Guilherme Vieira\"},{\"title\":\"Produção\",\"content\":\"Farra\"}],\"language\":\"ptbr\",\"socialMedia\":null,\"posttype\":\"jobs\"}"]','foca-em-2021');
INSERT INTO posts VALUES('1a3831d7-5cac-4a28-a1e9-ef9ac3f1ddee','CCXP Worlds 2021 – Road to Artists’ Valley by Santander','Série documental para CCXP 2021 sobre o coração do evento, o Artists Valley. Dividido em quatro episódios a série conta sobre a história das comicons até a chegada no grande evento da CCXP e a criação do Artists Valley o setor destinado aos quadrinistas no evento que virou a maior evento e a maior referência no universo dos quadrinhos no mundo. Criação, Roteiro e Produção Completa Farra para os parceiros do Omelete / CCXP.','3ybw7xg762ci53x',1716424269340,1717647999703,'https://bucket.farra.media/camada-38-1.png',NULL,'["{\"videos\":[\"https://vimeo.com/667404932\",\"https://vimeo.com/667413095\",\"https://vimeo.com/667418524\",\"https://vimeo.com/667428093\"],\"order\":0,\"fichaTecnica\":[{\"title\":\"Produção Executiva\",\"content\":\"Gui Vieira\"},{\"title\":\"Direção\",\"content\":\"Leo Parron\"},{\"title\":\"Gestão de Projetos\",\"content\":\"Yasmin Persi\"},{\"title\":\"Roteiro\",\"content\":\"André Brandt e Leo Parron\"}],\"language\":\"ptbr\",\"socialMedia\":null,\"posttype\":\"jobs\"}"]','ccxp-worlds-2021-road-to-artists-valley-by-santander');
INSERT INTO posts VALUES('1a1cdf65-11dc-42db-a679-3ce833ffe698','TAG | Breyers','A Farra foi convidada pela Breyers pra fazer uma campanha digital voltada para o mercado internacional! Junto com o time da agência TAG, criamos e produzimos 8 conteúdos em vídeo e também os KVs da marca em uma diária que deixou todo mundo com água na boca.','3ybw7xg762ci53x',1716465395420,1717648001366,'',NULL,'["{\"videos\":[\"https://vimeo.com/813594724\",\"https://vimeo.com/813635029\",\"https://vimeo.com/813594054\",\"https://vimeo.com/813592258\"],\"order\":0,\"fichaTecnica\":[{\"title\":\"Produção Executiva\",\"content\":\"Gui Vieira e Tayna Adam\"},{\"title\":\"Produção Artística\",\"content\":\"Tati Soares\"},{\"title\":\"Roteiro e direção\",\"content\":\"Léo Parron\"},{\"title\":\"Pós Produção\",\"content\":\"Fred Kesselring\"},{\"title\":\"Coordenação de Produção\",\"content\":\"Ju Hodas\"}],\"language\":\"ptbr\",\"socialMedia\":null,\"posttype\":\"jobs\"}"]','tag-breyers');
INSERT INTO posts VALUES('08f5eeb9-fddc-4e52-9be1-892829d3e110','Lady Leste - Glória Groove','A cantora pop brasileira Gloria Groove estreiou em 2023 uma série documental digital em seu instagram, para documentar o lançamento do seu novo álbum Lady Leste, com roteiro de pós produção dirigido pela Farra.','3ybw7xg762ci53x',1716476708719,1717648002431,'https://bucket.farra.media/ladyleste.png',NULL,'["{\"videos\":\"https://vimeo.com/894653724\",\"order\":0,\"fichaTecnica\":[{\"title\":\"Produção\",\"content\":\"Farra\"}],\"language\":\"ptbr\",\"socialMedia\":null,\"posttype\":\"jobs\"}"]','lady-leste---gloria-groove');
INSERT INTO posts VALUES('06d474c0-842c-4e68-9980-6cace48fd908','Gastronomia Periférica','O projeto Gastronomia Periférica, criado por Edson Leite e Adélia Rodrigues, sempre encantou a Farra justamente por sua premissa: falar e ensinar sobre gastronomia para um público que precisa de informação e formação de qualidade.Transformar o conhecimento espalhado pela galera da GP em conteúdo para internet (aumentando ainda mais o alcance do projeto) era algo necessário, e identificar a falta desse tipo de conteúdo na internet foi fundamental para começar a construção do canal GP no YouTube, lá em 2018.  Foram 2 anos apresentando o projeto, batendo de porta em porta, na busca de parceiros para tirar essa ideia do papel. Até que encontramos na Continental Eletrodomésticos e na SOKO os padrinhos perfeitos para fazer acontecer. Um projeto feito pela periferia e para a periferia, que coloca a Farra frente a frente a outros players do mercado digital, sempre com excelência em produção e propósito!','3ybw7xg762ci53x',1716476838558,1717648003685,'',NULL,'["{\"videos\":[\"https://vimeo.com/720732573\",\"https://vimeo.com/720738724\",\"https://vimeo.com/720743549\",\"https://vimeo.com/720746990\",\"https://vimeo.com/720754306\",\"https://vimeo.com/733744331\\\"\"],\"order\":0,\"fichaTecnica\":[{\"title\":\"Produção Executiva\",\"content\":\"Gui Vieira\"},{\"title\":\"Gerente de Projetos\",\"content\":\"Yasmin Persi\"},{\"title\":\"Coordenação de Produção\",\"content\":\"Tarcila Vila\"},{\"title\":\"Roteiro\",\"content\":\"Sergio Barbosa e Léo Parron\"},{\"title\":\"Produção e Criação\",\"content\":\"Farra\"}],\"language\":\"ptbr\",\"socialMedia\":null,\"posttype\":\"jobs\"}"]','gastronomia-periferica');
INSERT INTO posts VALUES('c3b3b858-9666-4906-b275-b2ec0e34f7ec','Convenção ITAÚ','Produção estrelada por Marcos Mion para convenção anual Itaú. Com produção original Farra, direção de Leo Parron e produção executiva de Guilherme Vieira.','3ybw7xg762ci53x',1716476899768,1717648004932,'https://bucket.farra.media/mion-itau.png',NULL,'["{\"videos\":\"https://vimeo.com/797393315\",\"order\":0,\"fichaTecnica\":[{\"title\":\"Direção\",\"content\":\"Gui Cintra\"},{\"title\":\"Produção Executiva\",\"content\":\"Gui Vieira\"},{\"title\":\"Produção\",\"content\":\"Farra\"}],\"language\":\"ptbr\",\"socialMedia\":null,\"posttype\":\"jobs\"}"]','convencao-itau');
INSERT INTO posts VALUES('f626f534-1f58-4925-8d66-b2b193f4b3f2','Foquinha Entrevista','As entrevistas icônicas voltaram! Foquinha Entrevista agora é videocast! Aquele papo sincerão, íntimo e divertido, de um jeito novo!','3ybw7xg762ci53x',1716477067169,1717648005890,'https://bucket.farra.media/Foquinha-entrevista.png',NULL,'["{\"videos\":\"https://vimeo.com/863259189\",\"order\":0,\"fichaTecnica\":[{\"title\":\"Estrelando\",\"content\":\"Foquinha\"},{\"title\":\"Produção\",\"content\":\"Farra\"}],\"language\":\"ptbr\",\"socialMedia\":null,\"posttype\":\"jobs\"}"]','foquinha-entrevista');
INSERT INTO posts VALUES('123f49f6-8786-48d1-8cdd-8f6416de2de2','Rennova | O Poder da Escolha','A Farra foi a produtora responsável pelo roteiro e pela produção da peça publicitária para a marca Rennova, uma linha de produtos para procedimentos estéticos injetáveis que sublinha a importância de escolher o bem-estar. E essa produção contou com a participação das embaixadoras Giovanna Antonelli e Deborah Secco! Foi um projeto ambicioso e desafiador. A Farra, em parceria e sinergia com a Rennova, criou e produziu esse filme, que foi gravado no Rio de Janeiro e adaptado tanto para exibição na TV quanto para veiculação na internet, além de conteúdos para a Landing Page da marca, proporcionando uma experiência envolvente para o público-alvo da Rennova.','3ybw7xg762ci53x',1716477546278,1717648006773,'',NULL,'["{\"videos\":\"https://vimeo.com/869568669\",\"order\":0,\"fichaTecnica\":[{\"title\":\"Criação\",\"content\":\"André Brandt, Sérgio Barbosa e Rodrigo Moura\"},{\"title\":\"Direção\",\"content\":\"Hugo Moura\"},{\"title\":\"Diretora de Produção\",\"content\":\"Juliana Hodas\"},{\"title\":\"Produção Executiva\",\"content\":\"Gui Vieira e Tayna Adam\"},{\"title\":\"Produção\",\"content\":\"Farra\"},{\"title\":\"Montador\",\"content\":\"Lucas Araujo\"},{\"title\":\"Coordenação de Pós Produção\",\"content\":\"Fred Kesselring\"},{\"title\":\"Direção de Produção\",\"content\":\"Ju Hodas\"},{\"title\":\"Assistente de Produção Executiva\",\"content\":\"Beatriz Fontana\"}],\"language\":\"ptbr\",\"socialMedia\":null,\"posttype\":\"jobs\"}"]','rennova-o-poder-da-escolha');
INSERT INTO posts VALUES('66e07947-ffee-4602-bc66-87dba6cd620a','Vidente por acidente','Filme estrelado por Otaviano Costa. Ideia original, argumento e roteiro criados em conjuntos com a Farra, assinados por André Brandt e Gui Cintra, com direção de Rodrigo Van Der Put. Produção da Conspiração Filmes em coprodução com a Star Original Productions.','3ybw7xg762ci53x',1716477903627,1717648006793,'https://bucket.farra.media/vidente.png',NULL,'["{\"videos\":\"https://vimeo.com/919274659\",\"order\":0,\"fichaTecnica\":[{\"title\":\"Roteiro e argumento\",\"content\":\"Gui Cintra e André Brandt\"}],\"language\":\"ptbr\",\"socialMedia\":null,\"posttype\":\"jobs\"}"]','vidente-por-acidente');
INSERT INTO posts VALUES('424d6724-3f06-485d-b88a-9582f9834ad0','STAR+ | Desejos S.A.','André Brandt e Gui Cintra participam colaborando no roteiro da série dos premiados cineastas argentinos Mariano Cohn e Gastón Duprat. O projeto é produzido pela Moovie e exibido no Star+.','3ybw7xg762ci53x',1716477957465,1717648008393,'https://bucket.farra.media/desejos.png',NULL,'["{\"videos\":\"https://vimeo.com/922015100\",\"order\":0,\"fichaTecnica\":[{\"title\":\"COLABORAÇÃO DE ROTEIRO\",\"content\":\"Gui Cintra e André Brandt\"}],\"language\":\"ptbr\",\"socialMedia\":null,\"posttype\":\"jobs\"}"]','star-desejos-s-a');
INSERT INTO posts VALUES('620dc6c5-b460-456b-805a-92410ff6e513','Fanta | Monster Mansion','Projeto de branded entertainment para o Halloween. A Farra roteirizou a trama dos 4 episódios. Produção: MyMama Entertainment.','3ybw7xg762ci53x',1716478006845,1717648009056,'https://bucket.farra.media/fanta.png',NULL,'["{\"videos\":\"https://vimeo.com/909114076\",\"order\":0,\"fichaTecnica\":[{\"title\":\"Roteiro\",\"content\":\"Gui Cintra e André Brandt\"}],\"language\":\"ptbr\",\"socialMedia\":null,\"posttype\":\"jobs\"}"]','fanta-monster-mansion');
INSERT INTO posts VALUES('641fc586-d699-47bb-98e3-5de58b708428','Gato Galáctico e o Feitiço do tempo','Filme infantil estrelado por Gato Galáctico. Ideia original, argumento e roteiro criados pela Farra. Produção da DreamBox e Distribuição Synapse.','3ybw7xg762ci53x',1716478206775,1717648014448,'https://bucket.farra.media/Gato Galactico e o Feitiço do tempo.png',NULL,'["{\"videos\":\"https://vimeo.com/893725283\",\"order\":0,\"fichaTecnica\":[{\"title\":\"Roteiro\",\"content\":\"Gui Cintra, Rodrigo Moura, André Brandt e Sérgio Barbosa\"},{\"title\":\"Produção executiva\",\"content\":\"Gui Vieira\"}],\"language\":\"ptbr\",\"socialMedia\":null,\"posttype\":\"jobs\"}"]','gato-galactico-e-o-feitico-do-tempo');
INSERT INTO posts VALUES('2666b4cd-32f1-4721-b95a-b03ef91f1527','Últimas Férias','Criamos, roteirizamos e produzimos peças para social media da série \"Últimas Férias\", do Star+.','3ybw7xg762ci53x',1716478252348,1717648014021,'https://bucket.farra.media/ultimas feias.png',NULL,'["{\"videos\":\"https://vimeo.com/798896894\",\"order\":0,\"fichaTecnica\":[{\"title\":\"Produção Executiva\",\"content\":\"Gui Vieira\"}],\"language\":\"ptbr\",\"socialMedia\":null,\"posttype\":\"jobs\"}"]','ultimas-ferias');
INSERT INTO posts VALUES('a2cc83f5-3606-40a4-b618-a9c5bc2a352b','Posso Mandar Áudio','Date ruim não é só para ser vivido, mas para ser compartilhado! Quando um de nós tem um date ruim, todos passamos vergonha juntos- e com os famosos não é diferente. Fala a verdade, você precisava de um podcast para fazer o boy lixo da semana passada parecer um príncipe. Ou tipo isso. Posso mandar aúdio?, novos episódios toda quarta-feira, disponível grátis no gshow, globolay e todas as plataformas de aúdio.','3ybw7xg762ci53x',1716478458345,1717648017124,'https://bucket.farra.media/pma-2.png',NULL,'["{\"videos\":\"https://vimeo.com/702107279\",\"order\":0,\"fichaTecnica\":[{\"title\":\"Apresentação\",\"content\":\"Dani Calabresa\"},{\"title\":\"Direção\",\"content\":\"André Brandt\"},{\"title\":\"Roteiro\",\"content\":\"Ste Marques\"},{\"title\":\"Edição\",\"content\":\"Lucas Araújo\"},{\"title\":\"Finalização\",\"content\":\"Mandril Aúdio\"},{\"title\":\"Produção\",\"content\":\"Farra\"}],\"language\":\"ptbr\",\"socialMedia\":null,\"posttype\":\"jobs\"}"]','posso-mandar-audio');
INSERT INTO posts VALUES('a483fb50-4d74-4f33-abca-e386f129e3fe','Donos da Razão','Em 2023, com uma nova identidade visual desenvolvida pela Farra. Fugindo do estereótipo do amor romântico, Donos da Razão é o espaço onde Foquinha e André Brandt, o casal rolezeiro, usa da cumplicidade do relacionamento para discutir a relação em cima de fatos e acontecimentos.','3ybw7xg762ci53x',1716478551353,1717648020155,'https://bucket.farra.media/donos.png',NULL,'["{\"videos\":\"https://vimeo.com/798886289\",\"order\":0,\"fichaTecnica\":[{\"title\":\"Estrelando\",\"content\":\"André Brandt e Foquinha\"},{\"title\":\"Roteiro\",\"content\":\"Maria Clara Lucci\"},{\"title\":\"Gestão de Projeto\",\"content\":\"Rosa Taques\"},{\"title\":\"Arte\",\"content\":\"Angelo Ramos\"},{\"title\":\"Produção\",\"content\":\"Farra\"}],\"language\":\"ptbr\",\"socialMedia\":null,\"posttype\":\"jobs\"}"]','donos-da-razao');
INSERT INTO posts VALUES('48dac570-3976-4aef-802e-18afdcfea6f4','Otalab no UOL','Programa semanal apresentado por Otaviano Costa no Uol, que fala sobre variedades e os temas da semana ao vivo todas as quintas-feiras.','3ybw7xg762ci53x',1716478635175,1717648022120,'https://bucket.farra.media/ota.png',NULL,'["{\"videos\":[\"https://vimeo.com/798889554\",\"https://vimeo.com/619203418\"],\"order\":0,\"fichaTecnica\":[{\"title\":\"Produção\",\"content\":\"MOV - Uol\"},{\"title\":\"Roteiro\",\"content\":\"Maria Clara Lucci\"}],\"language\":\"ptbr\",\"socialMedia\":null,\"posttype\":\"jobs\"}"]','otalab-no-uol');
INSERT INTO posts VALUES('2416c4ee-6309-42d3-9442-3bfa0b4e422f','Supositório','Apresentado por André Brandt, Supositório é um espaço para imaginar outras realidades que seriam possíveis caso algo de diferente tivesse acontecido na história. Junto com ele, sempre duas celebridades embarcam nessas suposições absurdas que com certeza já passaram pela sua cabeça, ou se não, vão passar agora. Supositório é um podcast Original Spotify produzido pela Farra. Episódios novos às segundas-feiras.','3ybw7xg762ci53x',1716478736827,1717648023438,'https://bucket.farra.media/supositorio.png',NULL,'["{\"videos\":\"https://vimeo.com/744341142\",\"order\":0,\"fichaTecnica\":[{\"title\":\"Direção\",\"content\":\"André Brandt\"},{\"title\":\"Roteiro\",\"content\":\"Ste Marques\"},{\"title\":\"Edição\",\"content\":\"Lucas Araújo\"},{\"title\":\"Gestão de Projeto\",\"content\":\"Rosa Taques\"},{\"title\":\"Arte\",\"content\":\"Beatriz Vidal\"},{\"title\":\"Produção\",\"content\":\"Farra\"}],\"language\":\"ptbr\",\"socialMedia\":null,\"posttype\":\"jobs\"}"]','supositorio');
INSERT INTO posts VALUES('6c5e0e94-bb54-4e72-9210-4d82bc082b4b','Porta dos Fundos | Podcasts','Criação de 5 programas em formato de podcast para o grupo Porta dos Fundos em parceria com a Deezer.','3ybw7xg762ci53x',1716478841993,1717648023838,'https://bucket.farra.media/modelo.png',NULL,'["{\"videos\":[\"https://vimeo.com/593400100\",\"https://vimeo.com/732555504\",\"https://vimeo.com/732555664\",\"https://vimeo.com/732555877\",\"https://vimeo.com/734171018\",\"https://vimeo.com/734174395\"],\"order\":0,\"fichaTecnica\":[{\"title\":\"Roteirista-chefe\",\"content\":\"André Brandt\"},{\"title\":\"Roteiro\",\"content\":\"Léo Parron e Sérgio Barbosa\"}],\"language\":\"ptbr\",\"socialMedia\":null,\"posttype\":\"jobs\"}"]','porta-dos-fundos-podcasts');
INSERT INTO posts VALUES('a507de4f-fee2-4671-a494-e800eb1b7871','Planta Faz Isso?','Podcast apresentado por André Brandt e Lucas Vivot, unidos pela fofoca falando sobre os melhores acontecimentos do BBB23.','3ybw7xg762ci53x',1716479004330,1717648024754,'https://bucket.farra.media/planta.png',NULL,'["{\"videos\":\"https://vimeo.com/797366825\",\"order\":0,\"fichaTecnica\":[{\"title\":\"Apresentação\",\"content\":\"André Brandt e Lucas Vivot\"},{\"title\":\"Roteiro\",\"content\":\"Ste Marques\"},{\"title\":\"Edição\",\"content\":\"Lucas Araújo\"},{\"title\":\"Gestão de Projeto\",\"content\":\"Rosa Taques\"},{\"title\":\"Arte\",\"content\":\"Angelo Ramos\"},{\"title\":\"Produção\",\"content\":\"Farra\"}],\"language\":\"ptbr\",\"socialMedia\":null,\"posttype\":\"jobs\"}"]','planta-faz-isso');
INSERT INTO posts VALUES('01d36926-85cf-41f9-9ce4-68eacd7fefd5','Mil e Uma Tretas','A Farra criou e produziu para o videocast Mil e Uma Tretas, que aborda uma troca de ideias sobre a maternidade sem rodeios e sem romantismo, com as melhores amigas – ou melhor, “maridas”, como elas brincam – Julia Faria e Thaila Ayala. Além disso, um time de convidados entra na jogada e traz à tona suas experiências e histórias.Um encontro sincero e leve, onde a maternidade é discutida de um jeito único!','3ybw7xg762ci53x',1716479140696,1717648025860,'https://bucket.farra.media/mil-e-uma.png',NULL,'["{\"videos\":\"https://vimeo.com/863259418\",\"order\":0,\"fichaTecnica\":[{\"title\":\"Apresentação\",\"content\":\"Julia Faria e Thaila Ayala\"},{\"title\":\"Roteiro\",\"content\":\"Stephanie Marques e Leo Parron\"},{\"title\":\"Gestão de Projeto\",\"content\":\"Rosa Taques\"},{\"title\":\"Direção de Produção\",\"content\":\"Ju Hodas\"},{\"title\":\"Produção Executiva\",\"content\":\"Gui Vieira e Tayna Adam\"},{\"title\":\"Direção\",\"content\":\"Bruna Marchi\"},{\"title\":\"Casting\",\"content\":\"Tati Soares e Larissa Salles\"},{\"title\":\"Mídias Sociais\",\"content\":\"Bruna Garcia\"},{\"title\":\"Pós Produção\",\"content\":\"Lucas Nascimento e  Fred Kesselring\"}],\"language\":\"ptbr\",\"socialMedia\":null,\"posttype\":\"jobs\"}"]','mil-e-uma-tretas');
INSERT INTO posts VALUES('f548573d-0574-4ef8-b0f0-f666becdb3a9','Prepare Seu Coração','Podcast Original Spotify, escrito por André Brandt.','3ybw7xg762ci53x',1716479210873,1717648028365,'https://bucket.farra.media/prepare.png',NULL,'["{\"videos\":\"https://vimeo.com/732555835\",\"order\":0,\"fichaTecnica\":[{\"title\":\"Roteirista-chefe\",\"content\":\"André Brandt\"}],\"language\":\"ptbr\",\"socialMedia\":null,\"posttype\":\"jobs\"}"]','prepare-seu-coracao');
INSERT INTO posts VALUES('6cfaa92d-1099-4a43-a8b3-05337b44b261','Ascendente em Música','Podcast Original Spotify, escrito por André Brandt.','3ybw7xg762ci53x',1716479260538,1717648028693,'https://bucket.farra.media/asc.png',NULL,'["{\"videos\":\"https://vimeo.com/734172919\",\"order\":0,\"fichaTecnica\":[{\"title\":\"Roteirista-chefe\",\"content\":\"André Brandt\"}],\"language\":\"ptbr\",\"socialMedia\":null,\"posttype\":\"jobs\"}"]','ascendente-em-musica');
INSERT INTO posts VALUES('f1cd6dad-4838-4965-bbc3-b0255f09c467','Luciano Huck','A Farra desenvolveu e criou conteúdos e quadros para as redes do Luciano Huck.','3ybw7xg762ci53x',1716479453934,1717648030107,'https://bucket.farra.media/luciano-huck.png',NULL,'["{\"videos\":\"https://vimeo.com/926425558\",\"order\":0,\"fichaTecnica\":[],\"language\":\"ptbr\",\"socialMedia\":null,\"posttype\":\"jobs\"}"]','luciano-huck');
INSERT INTO posts VALUES('775ab01e-197e-4448-ab64-b1228a6d85a4','Posso Explicar com Miá Mello','Talk-show de comédia sobre ciência e tecnologia apresentado por Miá Mello para exibição no canal National Geographic e no streaming Disney+. A Farra encabeçou a sala de roteiro, que contou com André Brandt e Gui Cintra.','3ybw7xg762ci53x',1716807445979,1717648033681,'https://bucket.farra.media/posso-2.png','["https://bucket.farra.media/mia-mello-estreia-seu-novo-talk-show-posso-explicar-967720.jpg","https://bucket.farra.media/mia-mello-estreia-seu-novo-talk-show-posso-explicar-967722.jpg","https://bucket.farra.media/Programa-Posso-Explicar-com-Mia-Mello-e-Fabio-Porchat-3-1024x685-1.jpeg"]','["{\"videos\":null,\"order\":0,\"fichaTecnica\":[{\"title\":\"Roteirista-chefe\",\"content\":\"André Brandt\"},{\"title\":\"Roteirista\",\"content\":\"Gui Cintra\"},{\"title\":\"Produção\",\"content\":\"Moovie\"},{\"title\":\"Estrelando\",\"content\":\"Miá Mello\"}],\"language\":\"ptbr\",\"socialMedia\":null,\"posttype\":\"jobs\"}"]','posso-explicar-com-mia-mello');
INSERT INTO posts VALUES('7d36d993-d21a-44a3-bf5d-4984494e7da0','Nestlé | Convenção','Criação e produção de uma série de formatos para atender a necessidades internas de comunicação em tempos de pandemia. Como impactar de maneira virtual e audiovisual com a mesma eficiência dos tradicionais e grandiosos eventos físicos? A resposta foi uma série de programas de gêneros diferentes com muito entretenimento, informação e humor, que contaram com a participação de nomes importantes da comédia nacional, como Maurício Meirelles, Miá Mello e Daniel Zukerman.','3ybw7xg762ci53x',1716807596168,1717648035256,'https://bucket.farra.media/convencao-nestle-2.png',NULL,'["{\"videos\":[\"https://vimeo.com/585908075\",\"https://vimeo.com/585911802\",\"https://vimeo.com/585908075\",\"https://vimeo.com/586460367\",\"https://vimeo.com/585906391\",\"https://vimeo.com/583955226\"],\"order\":0,\"fichaTecnica\":[{\"title\":\"Produção Executiva\",\"content\":\"Guilherme Vieira\"},{\"title\":\"Direção de Produção\",\"content\":\"Tarcila Villa\"},{\"title\":\"Roteiro e Criação\",\"content\":\"Gui Cintra, Dani Garuti e André Brandt\"},{\"title\":\"Direção\",\"content\":\"Gui Cintra\"}],\"language\":\"ptbr\",\"socialMedia\":null,\"posttype\":\"jobs\"}"]','nestle-convencao');
INSERT INTO posts VALUES('627012d9-5c84-41d7-9118-98cc63f9849f','C&A | Tudo Combinado','A C&A queria testar um modelo de live shop fugindo dos moldes tradicionais, procurou a Farra e recheou a proposta de entretenimento. Tudo Combinado C&A é um programa conduzido por Fernanda Souza, Giovanna Lancellotti e Fernanda Rodrigues.','3ybw7xg762ci53x',1716807643527,1717648037040,'https://bucket.farra.media/capa_tudo.png','["https://bucket.farra.media/001.jpg","https://bucket.farra.media/002.jpg"]','["{\"videos\":\"https://vimeo.com/557719332\",\"order\":0,\"fichaTecnica\":[{\"title\":\"Direção\",\"content\":\"Gui Cintra\"},{\"title\":\"Produção Executiva\",\"content\":\"Guilherme Vieira\"},{\"title\":\"Roteiro e Criação\",\"content\":\"Gui Cintra e André Brandt\"}],\"language\":\"ptbr\",\"socialMedia\":null,\"posttype\":\"jobs\"}"]','c-a-tudo-combinado');
INSERT INTO posts VALUES('5f32e687-a5da-4e38-9cf4-b5858bd6581d','À Moda da Isa','Nessa série de 8 episódios, a campeã do Masterchef 2021, Isa Scherer, faz diferentes tipos de rolês pela cidade de São Paulo e encontra, em seus passeios, inspirações para criar receitas exclusivas e deliciosas. O programa foi produzido pelo UOL e a Farra assina roteiro e direção.','3ybw7xg762ci53x',1716807855751,1717648039851,'https://bucket.farra.media/novo-isa.png',NULL,'["{\"videos\":\"https://vimeo.com/720755549\",\"order\":0,\"fichaTecnica\":[{\"title\":\"Direção\",\"content\":\"Leo Parron\"},{\"title\":\"Roteiro\",\"content\":\"Maria Clara Lucci e Leo Parron\"}],\"language\":\"ptbr\",\"socialMedia\":null,\"posttype\":\"jobs\"}"]','a-moda-da-isa');
INSERT INTO posts VALUES('40254b08-3be8-448c-8349-c3b1969b10a8','TIM | Rock in Rio','Para o Rock in Rio 2022 a patrocinadora TIM montou um stand interativo no evento. O público podia tocar nas telas e trocar com os talentos Iza e Marcos Mion. A Farra foi a produtora responsável pelas captações em vídeo dessa interação, em uma diária em estúdio Chroma Key com artistas. Nesse mesmo dia, além das interações fizemos toda a campanha digital para as redes sociais de Tim com a interação de Marcos Mion, realizando 160 vídeos para todos os dias do evento.','3ybw7xg762ci53x',1716807967432,1717648026413,'https://bucket.farra.media/mion.png',NULL,'["{\"videos\":\"https://vimeo.com/788696697\",\"order\":0,\"fichaTecnica\":[{\"title\":\"Direção\",\"content\":\"Gui Cintra\"},{\"title\":\"Produção Executiva\",\"content\":\"Gui Vieira e Tarcila Villa\"},{\"title\":\"Roteiro\",\"content\":\"Farra\"},{\"title\":\"Agência Criação\",\"content\":\"BETC\"}],\"language\":\"ptbr\",\"socialMedia\":null,\"posttype\":\"jobs\"}"]','tim-rock-in-rio');
INSERT INTO posts VALUES('265eca86-c62f-4069-aeb4-82b08281b1bd','Foi Mau','Maurício Meirelles é um grande amigo da Farra. Quando surgiu o convite para produzirmos o seu programa para a TV aberta, não pensamos duas vezes em embarcar nessa com ele. Exibição semanal, toda segunda-feira. É o talk-show mais maluco e aleatório que você já viu!','3ybw7xg762ci53x',1716808053819,1717648027100,'https://bucket.farra.media/foi-mau.png',NULL,'["{\"videos\":[\"https://vimeo.com/733662287\",\"https://vimeo.com/798892768\"],\"order\":0,\"fichaTecnica\":[{\"title\":\"Direção\",\"content\":\"Gui Cintra\"},{\"title\":\"Roteiro\",\"content\":\"Rodrigo Moura, André Brandt, Sergio Barbosa e Gui Cintra\"},{\"title\":\"Produção Executiva\",\"content\":\"Guilherme Vieira\"},{\"title\":\"Co-Produção\",\"content\":\"Farra\"}],\"language\":\"ptbr\",\"socialMedia\":null,\"posttype\":\"jobs\"}"]','foi-mau');
INSERT INTO posts VALUES('b7d63740-a369-4f2e-b6fd-b8d1069e5a64','UNIVERSA UOL | CTRL SER + CTRL VER','A Farra foi convidada pelo UOL – Universo Online para formatar um projeto para o Universa que envolvesse o mundo da Moda, influencers, beauty e a modernindade da internet.Assim nasceu o “Crtl Ser + Crtl Ver” é um programa apresentado pela Laura Vicente em que, a cada episódio, recebe uma convidada famosa para contar sobre suas referências do mundo da moda.','3ybw7xg762ci53x',1716808190214,1717648027947,'https://bucket.farra.media/ctrl.png',NULL,'["{\"videos\":\"https://vimeo.com/797398819\",\"order\":0,\"fichaTecnica\":[{\"title\":\"Produção Executiva\",\"content\":\"Gui Vieira\"},{\"title\":\"Direção\",\"content\":\"Leo Parron\"},{\"title\":\"Roteiro\",\"content\":\"Macla Lucci e Leo Parron\"}],\"language\":\"ptbr\",\"socialMedia\":null,\"posttype\":\"jobs\"}"]','universa-uol-ctrl-ser-ctrl-ver');
INSERT INTO posts VALUES('397bea3d-8e68-407c-843d-0014f1d2595a','À moda da Isa – VERÃO','A moda da Isa – Verão”, nesta temporada não tem rolê, mas você vai amar ver a Isa literalmente em casa. Isa Scherer abre o livro de receitas de verão da família e traz um pouco da praia até você! A Farra desenvolveu o roteiro dessa temporada, que foi escrito por Maria Clara Lucci e também contou com a direção de Leo Parron.','3ybw7xg762ci53x',1716808251135,1717648031118,'https://bucket.farra.media/isa-1.png',NULL,'["{\"videos\":\"https://vimeo.com/797360734\",\"order\":0,\"fichaTecnica\":[{\"title\":\"Direção\",\"content\":\"Leo Parron\"},{\"title\":\"Roteiro\",\"content\":\"Maria Clara Lucci\"}],\"language\":\"ptbr\",\"socialMedia\":null,\"posttype\":\"jobs\"}"]','a-moda-da-isa-verao');
INSERT INTO posts VALUES('82b9a2fc-7558-4e6f-8c98-0d8810343311','Disney Pixar | Lightyear','Campanha de lançamento para o filme Lightyear que a Farra criou, roteirizou e produziu para a Disney/Pixar.Foram feitos 2 filmes de divulgação que contaram com as participações dos dubladores dos Buzz Lightyears: Marcos Mion e Guilherme Briggs.O filme hero foi ao ar durante o intervalo do BBB22, também conhecido como Super Bowl brasileiro.','3ybw7xg762ci53x',1716808339719,1717648047522,'https://bucket.farra.media/lightyear.png',NULL,'["{\"videos\":[\"https://vimeo.com/703898544\",\"https://vimeo.com/704148968\"],\"order\":0,\"fichaTecnica\":[{\"title\":\"Produção Executiva\",\"content\":\"Gui Vieira e Tarcila Villa\"},{\"title\":\"Direção\",\"content\":\"Gui Cintra\"},{\"title\":\"Diretora de Produção\",\"content\":\"Juliana Hodas\"},{\"title\":\"Roteiro\",\"content\":\"André Brandt, Léo Parron e Maria Clara Lucci\"},{\"title\":\"Produção e Criação\",\"content\":\"Farra\"}],\"language\":\"ptbr\",\"socialMedia\":null,\"posttype\":\"jobs\"}"]','disney-pixar-lightyear');
INSERT INTO posts VALUES('5fdec804-89dc-467a-85ce-16c9d2dd0ec0','NATURA + MiBR','Vitorinha e MIBR apresentam “Já Fui Você”. Um clipe musical que marca a chegada da artista como influenciadora do Made In Brazil e também como embaixadora da Natura dentro da org ao lado de Yulla e Athena, reforçando o posicionamento do MIBR sobre inclusão e diversidade, além de anunciar a Natura como patrocinadora principal das lines de Valorant e League of Legends inclusivas.','3ybw7xg762ci53x',1716808438108,1717648047740,'https://bucket.farra.media/mibr2.png',NULL,'["{\"videos\":\"https://vimeo.com/844339034\",\"order\":0,\"fichaTecnica\":[{\"title\":\"Direção\",\"content\":\"Gui Cintra e Mateus Rigola\"},{\"title\":\"Roteiro\",\"content\":\"Rodrigo Moura e Léo Parron\"},{\"title\":\"Produção Executiva\",\"content\":\"Gui Vieira e Tayna Adam\"},{\"title\":\"Direção de Produção\",\"content\":\"Ju Hodas\"},{\"title\":\"Finalização\",\"content\":\"Fred Kesselring\"},{\"title\":\"Montagem\",\"content\":\"Lucas Araújo\"},{\"title\":\"Social Media\",\"content\":\"Bruna Garcia\"}],\"language\":\"ptbr\",\"socialMedia\":null,\"posttype\":\"jobs\"}"]','natura-mibr');
INSERT INTO posts VALUES('5f9c24c7-459f-4256-a102-5de554b74ebf','CNN BRASIL | Projeto Upload','CNN nos procurou para desenvolver a segunda temporada do programa PROJETO UPLOAD, programa sobre futurologia do canal apresentado por Stephanie Fleury.A Farra foi a produtora responsável por repaginar o programa e fazer toda a pesquisa, roteiros, produção e pós produção completa. Projeto do jeito que gostamos, da criação a exibição. Foram 10 episódios de 45 minutos cada e 20 diárias de captação sobre os mais variados temas e mais de 50 entrevistados.','3ybw7xg762ci53x',1716808526210,1717648054199,'https://bucket.farra.media/cnn.png',NULL,'["{\"videos\":\"https://vimeo.com/765869003\",\"order\":0,\"fichaTecnica\":[{\"title\":\"Produção Executiva\",\"content\":\"Gui Vieira e Tarcila Villa\"},{\"title\":\"Direção\",\"content\":\"Leo Parron\"},{\"title\":\"Direção de Produção\",\"content\":\"Juliana Hodas\"},{\"title\":\"Roteiro\",\"content\":\"Léo Parron, Sérgio Barbosa, Janaina Medeiros\"},{\"title\":\"Produção\",\"content\":\"Farra\"}],\"language\":\"ptbr\",\"socialMedia\":null,\"posttype\":\"jobs\"}"]','cnn-brasil-projeto-upload');
INSERT INTO posts VALUES('e1b821b8-d78e-43b1-9f74-4264f5ad8947','Do que Riem?','Dois comediantes se enfrentam numa disputa de stand-up. A cada episódio, eles devem preparar um texto diferente, para um tipo de público específico – como médicos, cabeleireiras, marombas, vovós, entre outros – e, quem se sair melhor, na opinião da plateia, vence a batalha.Transmitido pelo Comedy Central e apresentado por Maurício Meirelles, ‘Do Que Riem?’ é mais que um programa de humor, é um experimento social e uma homenagem à comédia e suas particularidades.','3ybw7xg762ci53x',1716808782678,1717648056208,'https://bucket.farra.media/dqr.png',NULL,'["{\"videos\":\"https://vimeo.com/869578633\",\"order\":0,\"fichaTecnica\":[{\"title\":\"Apresentador\",\"content\":\"Mauricio Meirelles\"},{\"title\":\"Humoristas\",\"content\":\"Babu Carreira e Jhordan Matheus\"},{\"title\":\"Produção Executiva\",\"content\":\"Ju Hodas\"},{\"title\":\"Assistente de Produção\",\"content\":\"Francielly Vidal\"},{\"title\":\"Casting\",\"content\":\"Tati Soares e Larissa Salles\"},{\"title\":\"Coordenação de Produção\",\"content\":\"Fred Kesselring\"},{\"title\":\"Financeiro\",\"content\":\"Andressa Souza\"},{\"title\":\"Direção Geral\",\"content\":\"Gui Cintra\"},{\"title\":\"Direção de Externas\",\"content\":\"Leo Parron\"},{\"title\":\"Roteiro\",\"content\":\"Leo Parron, Sérgio Barbosa, Ste Marques e Rodrigo Moura\"},{\"title\":\"Edição\",\"content\":\"Lucas Nascimento\"},{\"title\":\"Arte\",\"content\":\"Beatriz Vidal\"},{\"title\":\"Produção\",\"content\":\"Farra\"}],\"language\":\"ptbr\",\"socialMedia\":null,\"posttype\":\"jobs\"}"]','do-que-riem');
INSERT INTO posts VALUES('b4bc0d65-f0f5-403a-9ac7-b5bbdc42be1f','TODDY | Redes Otaviano Costa','Em parceria com Otaviano Costa e Flávia Alessandra, a Farra criou e roteirizou essas ações publicitárias.','3ybw7xg762ci53x',1716808845660,1717648056198,'https://bucket.farra.media/toddy.png',NULL,'["{\"videos\":\"https://vimeo.com/922015100\",\"order\":0,\"fichaTecnica\":[{\"title\":\"Roteiro\",\"content\":\"Leo Parron, Sergio Barbosa e Rodrigo Moura.\"}],\"language\":\"ptbr\",\"socialMedia\":null,\"posttype\":\"jobs\"}"]','toddy-redes-otaviano-costa');
INSERT INTO posts VALUES('089c9544-22b5-4de0-bde2-bcb443c2842b','ACUVUE | Redes Otaviano e Flávia Alessandra','Em parceria com Otaviano Costa e Flávia Alessandra, a Farra criou e roteirizou essas ações publicitárias.','3ybw7xg762ci53x',1716808944969,1717648056169,'https://bucket.farra.media/acuvue2.png',NULL,'["{\"videos\":[\"https://vimeo.com/910081132\",\"https://vimeo.com/911671897\",\"https://vimeo.com/911671930\",\"https://vimeo.com/910080254\"],\"order\":0,\"fichaTecnica\":[{\"title\":\"Roteiro\",\"content\":\"Leo Parron, Sergio Barbosa e Rodrigo Moura.\"}],\"language\":\"ptbr\",\"socialMedia\":null,\"posttype\":\"jobs\"}"]','acuvue-redes-otaviano-e-flavia-alessandra');
INSERT INTO posts VALUES('864beecb-a74d-486f-bae3-1602da26dfae','CCXP23 Paramount','Farra criou, roteirizou, produziu e dirigiu o painel de 2023 da Paramount+ na CCXP. Apresentação do evento ficou a cargo de Nicole Bahls e Hugo Gloss.','3ybw7xg762ci53x',1716809039404,1717648056166,'https://bucket.farra.media/paramount.png',NULL,'["{\"videos\":[\"https://vimeo.com/923474329\",\"https://vimeo.com/923474535\",\"https://vimeo.com/923474741\"],\"order\":0,\"fichaTecnica\":[{\"title\":\"Produção Executiva\",\"content\":\"Tayna Adam e Gui Vieira\"},{\"title\":\"Roteiro\",\"content\":\"Ste Marques, Sergio Barbosa e Leo Parron.\"},{\"title\":\"Direção de Produção\",\"content\":\"Ju Hodas\"},{\"title\":\"Produção\",\"content\":\"Bia Fontana\"},{\"title\":\"Assistência de Direção\",\"content\":\"Sophia Cordazzo\"},{\"title\":\"Direção\",\"content\":\"Leo Parron\"}],\"language\":\"ptbr\",\"socialMedia\":null,\"posttype\":\"jobs\"}"]','ccxp23-paramount');
INSERT INTO posts VALUES('d081d323-ee73-4341-a77e-ef0854d775d2','Conselho Fora de Classe','Criado e produzido na casa, o videocast Conselho Fora de Classe é apresentado por Ste Marques, famosa entre seus seguidores como a ex-professora que não tem papas na língua! Ste e seus convidados mergulham de cabeça nesse videocast, prontos pra desenterrar as histórias mais engraçadas, constrangedoras e humilhantes da época da escola.','3ybw7xg762ci53x',1716809118348,1717648056160,'https://bucket.farra.media/ste.png',NULL,'["{\"videos\":\"https://vimeo.com/870269610\",\"order\":1,\"fichaTecnica\":[{\"title\":\"Estrelando\",\"content\":\"Ste Marques\"},{\"title\":\"Coordenação de Produção\",\"content\":\"Ju Hodas\"},{\"title\":\"Gestão de Projeto\",\"content\":\"Rosa Taques\"},{\"title\":\"Arte\",\"content\":\"Beatriz Vidal\"},{\"title\":\"Produção e Criação\",\"content\":\"Farra\"}],\"language\":\"ptbr\",\"socialMedia\":null,\"posttype\":\"jobs\"}"]','conselho-fora-de-classe');
INSERT INTO posts VALUES('413622cc-75f3-4f18-882d-707169927723','Foca em 2023','Criamos e roteirizamos a Live Foca em 2023 produzida pela Dia Estúdio.','3ybw7xg762ci53x',1716809162824,1717648056220,'https://bucket.farra.media/foca-2023.png',NULL,'["{\"videos\":\"https://vimeo.com/926426024\",\"order\":0,\"fichaTecnica\":[],\"language\":\"ptbr\",\"socialMedia\":null,\"posttype\":\"jobs\"}"]','foca-em-2023');
INSERT INTO posts VALUES('46bbe278-537a-42c1-9970-bc2d6d684dcb','Logo Branco','','3ybw7xg762ci53x',1717629682744,1717629682744,'','["https://bucket.farra.media/farra-branco.png"]','["{\"videos\":null,\"order\":0,\"fichaTecnica\":[],\"language\":null,\"socialMedia\":null,\"posttype\":\"options\"}"]',NULL);
INSERT INTO posts VALUES('b7729fb9-ec93-4dd3-bc09-dfaaa15fc597','Logo Preto','','3ybw7xg762ci53x',1717629701292,1717629701292,'','["https://bucket.farra.media/farra-preto.png"]','["{\"videos\":null,\"order\":0,\"fichaTecnica\":[],\"language\":null,\"socialMedia\":null,\"posttype\":\"options\"}"]',NULL);
INSERT INTO posts VALUES('0c520d69-bb53-4ab6-b13b-2f5601b4bca9','Logo Azul','','3ybw7xg762ci53x',1717629715873,1717629715873,'','["https://bucket.farra.media/farra-azul.png"]','["{\"videos\":null,\"order\":0,\"fichaTecnica\":[],\"language\":null,\"socialMedia\":null,\"posttype\":\"options\"}"]',NULL);
INSERT INTO posts VALUES('92d264e1-13f5-43f0-926e-293afab844b0','Social Media','','3ybw7xg762ci53x',1717629804461,1717629804461,'',NULL,'["{\"videos\":null,\"order\":0,\"fichaTecnica\":[],\"language\":null,\"socialMedia\":[\"https://www.instagram.com/farra.media/\",\"https://br.linkedin.com/company/farramedia\",\"https://www.tiktok.com/@farra.media\",\"https://vimeo.com/farra\"],\"posttype\":\"options\"}"]',NULL);
CREATE TABLE IF NOT EXISTS `categoriesToPosts` (
	`id` text NOT NULL,
	`postId` text NOT NULL,
	`categoryId` text NOT NULL,
	`createdOn` integer,
	`updatedOn` integer,
	PRIMARY KEY(`categoryId`, `postId`),
	FOREIGN KEY (`postId`) REFERENCES `posts`(`id`) ON UPDATE no action ON DELETE no action,
	FOREIGN KEY (`categoryId`) REFERENCES `categories`(`id`) ON UPDATE no action ON DELETE no action
);
INSERT INTO categoriesToPosts VALUES('2330948c-ef61-4592-936d-8834ea1f3579','5d5a2d67-3f65-4cb1-8b19-a50902487d25','d8457323-6aa9-4a0c-8df5-e9681160a48f',1716421199607,1716421199607);
INSERT INTO categoriesToPosts VALUES('cb8e0c04-47b6-43e3-ba77-d23ee4620881','b9336c47-8a41-434f-9478-1dd402e3e059','c1a55c6c-a690-4842-9527-7fb2b252433f',1716465207443,1716465207443);
INSERT INTO categoriesToPosts VALUES('7ed41c65-2a77-4b55-9a48-aff2a1e77c59','9ee014c3-ab81-4ca0-aecb-f2dd3564b945','547f3572-9ff3-40e6-9dfb-891fefabe4dd',1716465218470,1716465218470);
INSERT INTO categoriesToPosts VALUES('b3e91861-69f3-4800-9925-1540b33b18a0','184cc700-fe9f-4ce6-9418-31c3e0edd558','547f3572-9ff3-40e6-9dfb-891fefabe4dd',1716465223043,1716465223043);
INSERT INTO categoriesToPosts VALUES('2d497e86-3bfb-47ff-ad0d-bb1ccc42a43b','889af3f9-0aeb-4a83-bd5e-be5ab2480a98','c1a55c6c-a690-4842-9527-7fb2b252433f',1716465256639,1716465256639);
INSERT INTO categoriesToPosts VALUES('b3074917-977d-496a-bfd3-4ec1feb36266','a483fb50-4d74-4f33-abca-e386f129e3fe','a63ad5b1-2e47-4fd1-a01e-34ffcc912c7c',1716809370199,1716809370199);
INSERT INTO categoriesToPosts VALUES('1045dbc5-2f35-44a9-9d00-a422a50cfc5c','f548573d-0574-4ef8-b0f0-f666becdb3a9','a63ad5b1-2e47-4fd1-a01e-34ffcc912c7c',1716809370335,1716809370335);
INSERT INTO categoriesToPosts VALUES('1cb0c79e-c40c-4e9f-9d6c-69148c22a2c5','6cfaa92d-1099-4a43-a8b3-05337b44b261','a63ad5b1-2e47-4fd1-a01e-34ffcc912c7c',1716809374309,1716809374309);
INSERT INTO categoriesToPosts VALUES('e979b64b-0dcf-4a8d-9f5e-61c5af3a2eb9','f1cd6dad-4838-4965-bbc3-b0255f09c467','547f3572-9ff3-40e6-9dfb-891fefabe4dd',1716809379024,1716809379024);
INSERT INTO categoriesToPosts VALUES('b7eb3c3d-cb71-4078-ad16-2a41158f8ab0','01d36926-85cf-41f9-9ce4-68eacd7fefd5','a63ad5b1-2e47-4fd1-a01e-34ffcc912c7c',1716809379976,1716809379976);
INSERT INTO categoriesToPosts VALUES('aef21914-7066-4888-bd3e-b9042567c3af','61716d8b-8b3a-4574-ad6b-2ee550b999a2','bb90167a-5cd6-4c7f-9c3c-e42604f4aedf',1717647629447,1717647629447);
INSERT INTO categoriesToPosts VALUES('4b76cfc7-45e9-48c8-a3fd-cf99c5e6551b','a137dccb-401f-47eb-94a4-9c006bb220ce','8936b4a6-cc09-4f17-b0ad-489af05ca22a',1717647629717,1717647629717);
INSERT INTO categoriesToPosts VALUES('fb65a682-2b48-4f07-ab1c-a8cb5912127d','cce6ee8a-7d56-4900-86cf-ec9d7d50d9bc','c1a55c6c-a690-4842-9527-7fb2b252433f',1717647644360,1717647644360);
INSERT INTO categoriesToPosts VALUES('90916b1f-8c86-49d3-bcae-daaa187cf013','a0acd772-c27f-44a1-b256-7bf324d2a9c1','c1a55c6c-a690-4842-9527-7fb2b252433f',1717647655768,1717647655768);
INSERT INTO categoriesToPosts VALUES('d85be16e-52b6-4fa9-a7c6-b296c70bb874','a0acd772-c27f-44a1-b256-7bf324d2a9c1','8936b4a6-cc09-4f17-b0ad-489af05ca22a',1717647658162,1717647658162);
INSERT INTO categoriesToPosts VALUES('562349a7-70b8-4fd7-b01a-b9fe724afe41','a0acd772-c27f-44a1-b256-7bf324d2a9c1','706087b3-131b-410c-84c4-21c5d79c1f8e',1717647661928,1717647661928);
INSERT INTO categoriesToPosts VALUES('51395dd9-c4b8-4f99-b16a-9db531a51710','e1376ec9-8a64-4339-91d6-44a293c7e46a','c1a55c6c-a690-4842-9527-7fb2b252433f',1717647896624,1717647896624);
INSERT INTO categoriesToPosts VALUES('0aa8bee8-3e86-48c4-8c91-d834962dcd3a','8c33e6cf-c459-45e6-9bf2-1151439eada2','d8457323-6aa9-4a0c-8df5-e9681160a48f',1717647908533,1717647908533);
INSERT INTO categoriesToPosts VALUES('7b7c50f7-38fc-481a-be27-8b544c1868f4','d6dbca63-93cd-4fee-9b69-cb71c5c569a7','706087b3-131b-410c-84c4-21c5d79c1f8e',1717647917089,1717647917089);
INSERT INTO categoriesToPosts VALUES('acf8480f-592f-4acb-8ba3-f7c77701d4db','00a8df26-484e-4278-930b-d4734bec87ac','547f3572-9ff3-40e6-9dfb-891fefabe4dd',1717647991537,1717647991537);
INSERT INTO categoriesToPosts VALUES('769c763f-9248-45a0-8848-e5ce5162b8c2','17b254b8-488d-48b4-aa71-4314f0a7130e','af07eb79-35f0-4229-8f61-aaaab4a86f9d',1717647996487,1717647996487);
INSERT INTO categoriesToPosts VALUES('d03cdc58-eb35-4764-af3a-35e7e303d432','8b243bdd-ead1-4607-bee5-1f29ecbc53d4','706087b3-131b-410c-84c4-21c5d79c1f8e',1717647997783,1717647997783);
INSERT INTO categoriesToPosts VALUES('c1e3ce8b-6ac7-4b2b-994f-d504915f1deb','8e880055-569d-4d4f-9208-828377f60ff2','c1a55c6c-a690-4842-9527-7fb2b252433f',1717647998811,1717647998811);
INSERT INTO categoriesToPosts VALUES('9b302c8c-d7c7-4071-b277-4ffa421dc49e','4c30d855-a05e-4826-9476-93c05f26c4a5','d8457323-6aa9-4a0c-8df5-e9681160a48f',1717648000147,1717648000147);
INSERT INTO categoriesToPosts VALUES('6c7294d5-afbb-469f-b3b6-38e1cb7338fb','e45d014e-e0b5-43f6-bc3e-aac1d6c49ada','706087b3-131b-410c-84c4-21c5d79c1f8e',1717648000163,1717648000163);
INSERT INTO categoriesToPosts VALUES('07a0f1ee-89c0-4cbd-9378-a53682739662','d04b5343-461f-4745-b0dc-c5babcde307e','547f3572-9ff3-40e6-9dfb-891fefabe4dd',1717648001359,1717648001359);
INSERT INTO categoriesToPosts VALUES('5c97fa5a-d2df-4035-b6ab-7e539429e415','e4557282-867a-4865-95fd-43d9555aee64','706087b3-131b-410c-84c4-21c5d79c1f8e',1717648004612,1717648004612);
INSERT INTO categoriesToPosts VALUES('66389438-c95d-4960-9864-7c571b46c92f','d04b5343-461f-4745-b0dc-c5babcde307e','706087b3-131b-410c-84c4-21c5d79c1f8e',1717648004950,1717648004950);
INSERT INTO categoriesToPosts VALUES('c11cc502-46aa-444b-a06b-a62165bc1997','9879cf28-f8b8-4288-b009-5b6d8b8e4d8b','d8457323-6aa9-4a0c-8df5-e9681160a48f',1717648004972,1717648004972);
INSERT INTO categoriesToPosts VALUES('5322013e-9057-4477-a97a-8b5de6cb7b26','9879cf28-f8b8-4288-b009-5b6d8b8e4d8b','547f3572-9ff3-40e6-9dfb-891fefabe4dd',1717648008381,1717648008381);
INSERT INTO categoriesToPosts VALUES('9d37c806-33be-4c82-8285-c1f2d04960fb','1a3831d7-5cac-4a28-a1e9-ef9ac3f1ddee','c1a55c6c-a690-4842-9527-7fb2b252433f',1717648008553,1717648008553);
INSERT INTO categoriesToPosts VALUES('2ff09922-38c1-48d3-8856-d1aafaba30a7','1a1cdf65-11dc-42db-a679-3ce833ffe698','8936b4a6-cc09-4f17-b0ad-489af05ca22a',1717648013484,1717648013484);
INSERT INTO categoriesToPosts VALUES('55b4f329-a56a-40bd-9638-9a58b1da7dbe','08f5eeb9-fddc-4e52-9be1-892829d3e110','547f3572-9ff3-40e6-9dfb-891fefabe4dd',1717648013910,1717648013910);
INSERT INTO categoriesToPosts VALUES('21a23310-b4b4-4522-b162-6449a62f02b8','a6137a12-d61f-413c-bc22-1b7a09bc7c48','547f3572-9ff3-40e6-9dfb-891fefabe4dd',1717648014046,1717648014046);
INSERT INTO categoriesToPosts VALUES('3df531b0-af5d-437c-8242-bfc9f6e0d396','c3b3b858-9666-4906-b275-b2ec0e34f7ec','3d742329-e562-48c4-b4e9-4b1b3c3c974d',1717648018543,1717648018543);
INSERT INTO categoriesToPosts VALUES('c2648f03-1e38-4694-b3d6-c01960d1a4fe','39e18f86-0d72-4774-bb9d-0137d7640973','c1a55c6c-a690-4842-9527-7fb2b252433f',1717648020177,1717648020177);
INSERT INTO categoriesToPosts VALUES('14ed52e6-e3ef-498e-9e9b-671239b93e4a','f626f534-1f58-4925-8d66-b2b193f4b3f2','a63ad5b1-2e47-4fd1-a01e-34ffcc912c7c',1717648020508,1717648020508);
INSERT INTO categoriesToPosts VALUES('c31e263b-81af-4865-85c1-4fa00621f287','a6137a12-d61f-413c-bc22-1b7a09bc7c48','706087b3-131b-410c-84c4-21c5d79c1f8e',1717648021292,1717648021292);
INSERT INTO categoriesToPosts VALUES('4a420f6f-22a9-46e5-875a-aa7350182ddc','66e07947-ffee-4602-bc66-87dba6cd620a','af07eb79-35f0-4229-8f61-aaaab4a86f9d',1717648025956,1717648025956);
INSERT INTO categoriesToPosts VALUES('6c13355e-b552-4bc9-84e5-b61953af6aa3','06d474c0-842c-4e68-9980-6cace48fd908','c1a55c6c-a690-4842-9527-7fb2b252433f',1717648026575,1717648026575);
INSERT INTO categoriesToPosts VALUES('ce7943f4-3524-4e5e-aa82-4ce9d51c7b4f','424d6724-3f06-485d-b88a-9582f9834ad0','d8457323-6aa9-4a0c-8df5-e9681160a48f',1717648028994,1717648028994);
INSERT INTO categoriesToPosts VALUES('baba201e-6f2a-421e-a998-0ec473700290','620dc6c5-b460-456b-805a-92410ff6e513','c1a55c6c-a690-4842-9527-7fb2b252433f',1717648029027,1717648029027);
INSERT INTO categoriesToPosts VALUES('7ca4a15b-6dcd-426a-8adf-a5f308ac6dcc','39e18f86-0d72-4774-bb9d-0137d7640973','8936b4a6-cc09-4f17-b0ad-489af05ca22a',1717648029532,1717648029532);
INSERT INTO categoriesToPosts VALUES('c225cd65-43a8-4a6b-b829-b2e9a792d649','775ab01e-197e-4448-ab64-b1228a6d85a4','d8457323-6aa9-4a0c-8df5-e9681160a48f',1717648053010,1717648053010);
INSERT INTO categoriesToPosts VALUES('2287e114-07e4-44ad-9fff-2d311a9310e6','82b9a2fc-7558-4e6f-8c98-0d8810343311','8936b4a6-cc09-4f17-b0ad-489af05ca22a',1717648053384,1717648053384);
INSERT INTO categoriesToPosts VALUES('e2ae5e7c-bdaf-40ee-90b3-773da716de97','48dac570-3976-4aef-802e-18afdcfea6f4','d8457323-6aa9-4a0c-8df5-e9681160a48f',1717648055209,1717648055209);
INSERT INTO categoriesToPosts VALUES('c789cc84-11d4-4291-a44d-deff933360fa','2416c4ee-6309-42d3-9442-3bfa0b4e422f','a63ad5b1-2e47-4fd1-a01e-34ffcc912c7c',1717648055244,1717648055244);
INSERT INTO categoriesToPosts VALUES('866ef1e1-7f16-4822-ae08-b9a0231cc035','a2cc83f5-3606-40a4-b618-a9c5bc2a352b','a63ad5b1-2e47-4fd1-a01e-34ffcc912c7c',1717648055348,1717648055348);
INSERT INTO categoriesToPosts VALUES('122655fe-c38d-4b56-aba2-864de95601ba','5fdec804-89dc-467a-85ce-16c9d2dd0ec0','c1a55c6c-a690-4842-9527-7fb2b252433f',1717648055577,1717648055577);
INSERT INTO categoriesToPosts VALUES('8e074d2f-9f66-4a4e-968d-239baba3746b','6c5e0e94-bb54-4e72-9210-4d82bc082b4b','a63ad5b1-2e47-4fd1-a01e-34ffcc912c7c',1717648056645,1717648056645);
INSERT INTO categoriesToPosts VALUES('35aef1f9-b2bb-4f93-81ef-9cb2bcd36dea','a507de4f-fee2-4671-a494-e800eb1b7871','a63ad5b1-2e47-4fd1-a01e-34ffcc912c7c',1717648056727,1717648056727);
INSERT INTO categoriesToPosts VALUES('0340e142-1f5e-4349-84c0-b44ae310ea9f','48dac570-3976-4aef-802e-18afdcfea6f4','a63ad5b1-2e47-4fd1-a01e-34ffcc912c7c',1717648057601,1717648057601);
INSERT INTO categoriesToPosts VALUES('fe797eef-5b4c-45c5-8cb7-5ece7b753484','123f49f6-8786-48d1-8cdd-8f6416de2de2','8936b4a6-cc09-4f17-b0ad-489af05ca22a',1717648057721,1717648057721);
INSERT INTO categoriesToPosts VALUES('e8e87004-e826-4bcc-8eb5-a4eea25e433c','39e18f86-0d72-4774-bb9d-0137d7640973','706087b3-131b-410c-84c4-21c5d79c1f8e',1717648057744,1717648057744);
INSERT INTO categoriesToPosts VALUES('24d3beb5-fae6-4f43-bec3-72d4c1e9c49c','5fdec804-89dc-467a-85ce-16c9d2dd0ec0','bb90167a-5cd6-4c7f-9c3c-e42604f4aedf',1717648058063,1717648058063);
INSERT INTO categoriesToPosts VALUES('33370649-2d90-4517-b918-32bdc6901fdd','7d36d993-d21a-44a3-bf5d-4984494e7da0','c1a55c6c-a690-4842-9527-7fb2b252433f',1717648059454,1717648059454);
INSERT INTO categoriesToPosts VALUES('edceb8e6-887c-4008-8b9f-da778dd2c3dc','627012d9-5c84-41d7-9118-98cc63f9849f','c1a55c6c-a690-4842-9527-7fb2b252433f',1717648059867,1717648059867);
INSERT INTO categoriesToPosts VALUES('c1d3411e-6dca-4d02-b60c-08f6c35e1460','265eca86-c62f-4069-aeb4-82b08281b1bd','d8457323-6aa9-4a0c-8df5-e9681160a48f',1717648060353,1717648060353);
INSERT INTO categoriesToPosts VALUES('1b4ca474-d20e-4f9a-abbc-ed336d1f7609','48dac570-3976-4aef-802e-18afdcfea6f4','547f3572-9ff3-40e6-9dfb-891fefabe4dd',1717648060404,1717648060404);
INSERT INTO categoriesToPosts VALUES('68008010-9e9b-476d-adf3-be6b0f1fa4d7','397bea3d-8e68-407c-843d-0014f1d2595a','c1a55c6c-a690-4842-9527-7fb2b252433f',1717648060470,1717648060470);
INSERT INTO categoriesToPosts VALUES('ff924ddf-c871-4917-adeb-42705f3a6b2f','5f9c24c7-459f-4256-a102-5de554b74ebf','d8457323-6aa9-4a0c-8df5-e9681160a48f',1717648061712,1717648061712);
INSERT INTO categoriesToPosts VALUES('64584499-5e24-46bc-a7c1-d00761e777ec','7d36d993-d21a-44a3-bf5d-4984494e7da0','3d742329-e562-48c4-b4e9-4b1b3c3c974d',1717648061729,1717648061729);
INSERT INTO categoriesToPosts VALUES('78ee5500-d6c2-42c9-815c-74b7b913c920','d081d323-ee73-4341-a77e-ef0854d775d2','a63ad5b1-2e47-4fd1-a01e-34ffcc912c7c',1717648062593,1717648062593);
INSERT INTO categoriesToPosts VALUES('209dad64-9fa5-4901-a50b-44009183c19c','864beecb-a74d-486f-bae3-1602da26dfae','706087b3-131b-410c-84c4-21c5d79c1f8e',1717648063591,1717648063591);
INSERT INTO categoriesToPosts VALUES('347dfec4-0726-4dc6-80cb-31ede2ca7a9c','40254b08-3be8-448c-8349-c3b1969b10a8','8936b4a6-cc09-4f17-b0ad-489af05ca22a',1717648063605,1717648063605);
INSERT INTO categoriesToPosts VALUES('825ef99c-c0fb-4182-bb44-572f9d5aad3b','b7d63740-a369-4f2e-b6fd-b8d1069e5a64','d8457323-6aa9-4a0c-8df5-e9681160a48f',1717648063611,1717648063611);
INSERT INTO categoriesToPosts VALUES('aee7ae77-8219-4a02-a71a-c2b4538446b1','5f32e687-a5da-4e38-9cf4-b5858bd6581d','d8457323-6aa9-4a0c-8df5-e9681160a48f',1717648064024,1717648064024);
INSERT INTO categoriesToPosts VALUES('5af98448-324a-4cc8-b77d-482c583a7f32','413622cc-75f3-4f18-882d-707169927723','706087b3-131b-410c-84c4-21c5d79c1f8e',1717648064233,1717648064233);
INSERT INTO categoriesToPosts VALUES('a630d051-2349-42ce-b91c-228318959676','e1b821b8-d78e-43b1-9f74-4264f5ad8947','d8457323-6aa9-4a0c-8df5-e9681160a48f',1717648064244,1717648064244);
INSERT INTO categoriesToPosts VALUES('35832243-4b88-417f-8763-e28bfc89596e','089c9544-22b5-4de0-bde2-bcb443c2842b','8936b4a6-cc09-4f17-b0ad-489af05ca22a',1717648066743,1717648066743);
INSERT INTO categoriesToPosts VALUES('359fc1fa-e949-41a8-9a3a-217b9bdf2311','40254b08-3be8-448c-8349-c3b1969b10a8','547f3572-9ff3-40e6-9dfb-891fefabe4dd',1717648067336,1717648067336);
INSERT INTO categoriesToPosts VALUES('c9262be9-3201-4702-b5a0-e07d22fa830d','b4bc0d65-f0f5-403a-9ac7-b5bbdc42be1f','8936b4a6-cc09-4f17-b0ad-489af05ca22a',1717648067343,1717648067343);
INSERT INTO categoriesToPosts VALUES('a192c22e-b549-4fa4-bca1-007e04e54724','b7d63740-a369-4f2e-b6fd-b8d1069e5a64','547f3572-9ff3-40e6-9dfb-891fefabe4dd',1717648067350,1717648067350);
INSERT INTO categoriesToPosts VALUES('5c2b977b-1003-487c-a45d-ba88bbd7dfdb','5f32e687-a5da-4e38-9cf4-b5858bd6581d','547f3572-9ff3-40e6-9dfb-891fefabe4dd',1717648067426,1717648067426);
INSERT INTO categoriesToPosts VALUES('c97cc977-a6d7-4bb1-a29e-2b50b9cf614a','089c9544-22b5-4de0-bde2-bcb443c2842b','547f3572-9ff3-40e6-9dfb-891fefabe4dd',1717648069157,1717648069157);
INSERT INTO categoriesToPosts VALUES('46e0053c-5213-4644-adf9-5ff15afdc4b0','b4bc0d65-f0f5-403a-9ac7-b5bbdc42be1f','547f3572-9ff3-40e6-9dfb-891fefabe4dd',1717648070138,1717648070138);
INSERT INTO categoriesToPosts VALUES('9095fa0d-fb9e-42a2-bf6f-e48d7d5c024e','217a93d6-3f30-4d23-911c-6d8a9e52c626','706087b3-131b-410c-84c4-21c5d79c1f8e',1717648278364,1717648278364);
CREATE TABLE IF NOT EXISTS `users` (
	`id` text PRIMARY KEY NOT NULL,
	`firstName` text,
	`lastName` text,
	`email` text,
	`password` text,
	`role` text,
	`createdOn` integer,
	`updatedOn` integer
);
INSERT INTO users VALUES('3ybw7xg762ci53x','Admin','User','admin@example.com',NULL,'admin',1716337714749,1716337714749);
CREATE TABLE IF NOT EXISTS `user_keys` (
	`id` text PRIMARY KEY NOT NULL,
	`user_id` text NOT NULL,
	`hashed_password` text,
	`createdOn` integer,
	`updatedOn` integer,
	FOREIGN KEY (`user_id`) REFERENCES `users`(`id`) ON UPDATE no action ON DELETE no action
);
CREATE TABLE IF NOT EXISTS `user_sessions` (
	`id` text PRIMARY KEY NOT NULL,
	`user_id` text NOT NULL,
	`active_expires` integer NOT NULL,
	`idle_expires` integer NOT NULL,
	`createdOn` integer,
	`updatedOn` integer,
	FOREIGN KEY (`user_id`) REFERENCES `users`(`id`) ON UPDATE no action ON DELETE no action
);
INSERT INTO user_sessions VALUES('6t023nh1n3k3ectr1ecwerjvafsrz6edxz441er2','3ybw7xg762ci53x',1716424121712,1717633721712,NULL,NULL);
INSERT INTO user_sessions VALUES('41lh3xiyf912uakssov51ur81k5kuc7g6j0c0tza','3ybw7xg762ci53x',1716433338252,1717642938252,NULL,NULL);
INSERT INTO user_sessions VALUES('3dopzog4fpzkzt0nh5q2q49h4qrndseth6sfss8g','3ybw7xg762ci53x',1716551525337,1717761125337,NULL,NULL);
INSERT INTO user_sessions VALUES('26dolmp2qb7c69zdqyyx5ook9ov6awx8ti6ms6j3','3ybw7xg762ci53x',1717245131975,1718454731975,NULL,NULL);
INSERT INTO user_sessions VALUES('pjr34yun77753sxk53q65hg0v3h49yiybikle7d2','3ybw7xg762ci53x',1717715906619,1718925506619,NULL,NULL);
INSERT INTO user_sessions VALUES('y71wq4risuoe888e14v58547hz1c9svi2t96dm3l','3ybw7xg762ci53x',1717729307531,1718938907531,NULL,NULL);
INSERT INTO user_sessions VALUES('llzgw80nv2nu73n3fbdcay7sr34l2aihkd3h4fhw','3ybw7xg762ci53x',1717729313418,1718938913418,NULL,NULL);
INSERT INTO user_sessions VALUES('obfuq4wn8sf8ro65sam2vyryfoadz6u7fnb7b0wk','3ybw7xg762ci53x',1717735257809,1718944857809,NULL,NULL);
INSERT INTO user_sessions VALUES('u6zlkibd1l6fln728pd5eek9yv835algxfli2wus','3ybw7xg762ci53x',1717735270119,1718944870119,NULL,NULL);
DELETE FROM sqlite_sequence;
INSERT INTO sqlite_sequence VALUES('d1_migrations',6);
CREATE INDEX `commentsUserIdIndex` ON `comments` (`userId`);
CREATE INDEX `postUserIdIndex` ON `posts` (`userId`);
CREATE INDEX `commentsPostIdIndex` ON `comments` (`postId`);
